"canonicalName","rank","confidence","matchType","kingdom","phylum","class","order","family","genus","species","id","predicted_label"
"Cordia dichotoma","SPECIES",97,"EXACT","Plantae","Tracheophyta","Magnoliopsida","Boraginales","Cordiaceae","Cordia","Cordia dichotoma","415","Presence"
"Asteraceae","FAMILY",92,"HIGHERRANK","Plantae","Tracheophyta","Magnoliopsida","Asterales","Asteraceae",NA,NA,"415","Presence"
"Pestalotiopsis microspora","SPECIES",97,"EXACT","Fungi","Ascomycota","Sordariomycetes","Amphisphaeriales","Pestalotiopsidaceae","Pestalotiopsis","Pestalotiopsis microspora","415","Presence"
"Microspora","GENUS",94,"EXACT","Plantae","Chlorophyta","Chlorophyceae","Sphaeropleales","Microsporaceae","Microspora",NA,"415","Presence"
"Asteraceae","FAMILY",92,"HIGHERRANK","Plantae","Tracheophyta","Magnoliopsida","Asterales","Asteraceae",NA,NA,"415","Presence"
"Microspora","GENUS",94,"HIGHERRANK","Plantae","Chlorophyta","Chlorophyceae","Sphaeropleales","Microsporaceae","Microspora",NA,"415","Presence"
"Microspora","GENUS",94,"EXACT","Plantae","Chlorophyta","Chlorophyceae","Sphaeropleales","Microsporaceae","Microspora",NA,"415","Presence"
"Phyllanthus niruri","SPECIES",97,"EXACT","Plantae","Tracheophyta","Magnoliopsida","Malpighiales","Phyllanthaceae","Phyllanthus","Phyllanthus niruri","179","Presence"
"Assay","GENUS",94,"EXACT","Plantae","Tracheophyta","Liliopsida","Poales","Poaceae","Assay",NA,"179","Presence"
"Assay","GENUS",94,"HIGHERRANK","Plantae","Tracheophyta","Liliopsida","Poales","Poaceae","Assay",NA,"179","Presence"
"Lafoensia pacari","SPECIES",99,"EXACT","Plantae","Tracheophyta","Magnoliopsida","Myrtales","Lythraceae","Lafoensia","Lafoensia pacari","526","Presence"
"Guazuma ulmifolia","SPECIES",98,"EXACT","Plantae","Tracheophyta","Magnoliopsida","Malvales","Malvaceae","Guazuma","Guazuma ulmifolia","526","Presence"
"Campomanesia xanthocarpa","SPECIES",99,"EXACT","Plantae","Tracheophyta","Magnoliopsida","Myrtales","Myrtaceae","Campomanesia","Campomanesia xanthocarpa","526","Presence"
"Siparuna guianensis","SPECIES",99,"EXACT","Plantae","Tracheophyta","Magnoliopsida","Laurales","Siparunaceae","Siparuna","Siparuna guianensis","526","Presence"
"Colletotrichum","GENUS",94,"HIGHERRANK","Fungi","Ascomycota","Sordariomycetes","Glomerellales","Glomerellaceae","Colletotrichum",NA,"526","Presence"
"Diaporthe","GENUS",94,"HIGHERRANK","Fungi","Ascomycota","Sordariomycetes","Diaporthales","Diaporthaceae","Diaporthe",NA,"526","Presence"
"Bjerkandera","GENUS",94,"HIGHERRANK","Fungi","Basidiomycota","Agaricomycetes","Polyporales","Phanerochaetaceae","Bjerkandera",NA,"526","Presence"
"Talaromyces","GENUS",94,"HIGHERRANK","Fungi","Ascomycota","Eurotiomycetes","Eurotiales","Aspergillaceae","Talaromyces",NA,"526","Presence"
"Cochliobolus","GENUS",94,"HIGHERRANK","Fungi","Ascomycota","Dothideomycetes","Pleosporales","Pleosporaceae","Cochliobolus",NA,"526","Presence"
"Phaeophlebiopsis","GENUS",94,"HIGHERRANK","Fungi","Basidiomycota","Agaricomycetes","Polyporales","Phanerochaetaceae","Phaeophlebiopsis",NA,"526","Presence"
"Curvularia","GENUS",94,"EXACT","Fungi","Ascomycota","Dothideomycetes","Pleosporales","Pleosporaceae","Curvularia",NA,"526","Presence"
"Talaromyces","GENUS",94,"HIGHERRANK","Fungi","Ascomycota","Eurotiomycetes","Eurotiales","Aspergillaceae","Talaromyces",NA,"526","Presence"
"Huperzia serrata","SPECIES",97,"EXACT","Plantae","Tracheophyta","Lycopodiopsida","Lycopodiales","Lycopodiaceae","Huperzia","Huperzia serrata","195","Presence"
"Derxomyces","GENUS",94,"HIGHERRANK","Fungi","Basidiomycota","Tremellomycetes","Tremellales","Bulleribasidiaceae","Derxomyces",NA,"195","Presence"
"Lophiostoma","GENUS",94,"HIGHERRANK","Fungi","Ascomycota","Dothideomycetes","Pleosporales","Lophiostomataceae","Lophiostoma",NA,"195","Presence"
"Cyphellophora","GENUS",94,"HIGHERRANK","Fungi","Ascomycota","Eurotiomycetes","Chaetothyriales","Cyphellophoraceae","Cyphellophora",NA,"195","Presence"
"Serendipita","GENUS",94,"HIGHERRANK","Fungi","Basidiomycota","Agaricomycetes","Sebacinales","Serendipitaceae","Serendipita",NA,"195","Presence"
"Kurtzmanomyces","GENUS",94,"HIGHERRANK","Fungi","Basidiomycota","Agaricostilbomycetes","Agaricostilbales","Chionosphaeraceae","Kurtzmanomyces",NA,"195","Presence"
"Mycosphaerella","GENUS",94,"HIGHERRANK","Fungi","Ascomycota","Dothideomycetes","Mycosphaerellales","Mycosphaerellaceae","Mycosphaerella",NA,"195","Presence"
"Conoideocrella","GENUS",94,"HIGHERRANK","Fungi","Ascomycota","Sordariomycetes","Hypocreales","Clavicipitaceae","Conoideocrella",NA,"195","Presence"
"Brevicellicium","GENUS",94,"HIGHERRANK","Fungi","Basidiomycota","Agaricomycetes","Trechisporales","Hydnodontaceae","Brevicellicium",NA,"195","Presence"
"Piskurozyma","GENUS",94,"EXACT","Fungi","Basidiomycota","Tremellomycetes","Filobasidiales","Piskurozymaceae","Piskurozyma",NA,"195","Presence"
"Trichomerium","GENUS",94,"HIGHERRANK","Fungi","Ascomycota","Eurotiomycetes","Chaetothyriales","Trichomeriaceae","Trichomerium",NA,"195","Presence"
"Derxomyces","GENUS",94,"HIGHERRANK","Fungi","Basidiomycota","Tremellomycetes","Tremellales","Bulleribasidiaceae","Derxomyces",NA,"195","Presence"
"Trichomerium","GENUS",94,"HIGHERRANK","Fungi","Ascomycota","Eurotiomycetes","Chaetothyriales","Trichomeriaceae","Trichomerium",NA,"195","Presence"
"Zataria multiflora","SPECIES",95,"FUZZY","Plantae","Tracheophyta","Magnoliopsida","Lamiales","Lamiaceae","Zataria","Zataria multiflora","938","Other"
"Mycelium","GENUS",94,"EXACT","Fungi","Basidiomycota",NA,NA,NA,"Mycelium",NA,"938","Other"
"Sclerocarya birrea","SPECIES",97,"EXACT","Plantae","Tracheophyta","Magnoliopsida","Sapindales","Anacardiaceae","Sclerocarya","Sclerocarya birrea","818","Presence"
"Hypoxis","GENUS",92,"HIGHERRANK","Plantae","Tracheophyta","Liliopsida","Asparagales","Hypoxidaceae","Hypoxis",NA,"818","Presence"
"Alternaria alternata","SPECIES",99,"EXACT","Fungi","Ascomycota","Dothideomycetes","Pleosporales","Pleosporaceae","Alternaria","Alternaria alternata","818","Presence"
"Hypoxis","GENUS",92,"HIGHERRANK","Plantae","Tracheophyta","Liliopsida","Asparagales","Hypoxidaceae","Hypoxis",NA,"818","Presence"
"Epichloe","GENUS",94,"HIGHERRANK","Fungi","Ascomycota","Sordariomycetes","Hypocreales","Clavicipitaceae","Epichloe",NA,"118","Presence"
"Hordeum bogdanii","SPECIES",99,"EXACT","Plantae","Tracheophyta","Liliopsida","Poales","Poaceae","Hordeum","Hordeum bogdanii","118","Presence"
"Epichloe","GENUS",94,"HIGHERRANK","Fungi","Ascomycota","Sordariomycetes","Hypocreales","Clavicipitaceae","Epichloe",NA,"118","Presence"
"Epichloe bromicola","SPECIES",99,"EXACT","Fungi","Ascomycota","Sordariomycetes","Hypocreales","Clavicipitaceae","Epichloe","Epichloe bromicola","118","Presence"
"Coffea arabica","SPECIES",98,"EXACT","Plantae","Tracheophyta","Magnoliopsida","Gentianales","Rubiaceae","Coffea","Coffea arabica","299","Presence"
"Periconia atropurpurea","SPECIES",99,"EXACT","Fungi","Ascomycota","Dothideomycetes","Pleosporales","Periconiaceae","Periconia","Periconia atropurpurea","229","Presence"
"Paris polyphylla","SPECIES",99,"EXACT","Plantae","Tracheophyta","Liliopsida","Liliales","Melanthiaceae","Paris","Paris polyphylla","244","Presence"
"Yunnanensis","GENUS",94,"HIGHERRANK","Fungi","Ascomycota","Dothideomycetes","Pleosporales","Phaeosphaeriaceae","Yunnanensis",NA,"244","Presence"
"Fusarium","GENUS",94,"HIGHERRANK","Fungi","Ascomycota","Sordariomycetes","Hypocreales","Nectriaceae","Fusarium",NA,"244","Presence"
"Gliocladiopsis","GENUS",94,"HIGHERRANK","Fungi","Ascomycota","Sordariomycetes","Hypocreales","Nectriaceae","Gliocladiopsis",NA,"244","Presence"
"Gliomastix","GENUS",94,"HIGHERRANK","Fungi","Ascomycota","Sordariomycetes","Hypocreales","Bionectriaceae","Gliomastix",NA,"244","Presence"
"Cylindrocarpon","GENUS",94,"HIGHERRANK","Fungi","Ascomycota","Sordariomycetes","Hypocreales","Nectriaceae","Cylindrocarpon",NA,"244","Presence"
"Fusarium","GENUS",94,"EXACT","Fungi","Ascomycota","Sordariomycetes","Hypocreales","Nectriaceae","Fusarium",NA,"244","Presence"
"Gliocladiopsis irregularis","SPECIES",99,"EXACT","Fungi","Ascomycota","Sordariomycetes","Hypocreales","Nectriaceae","Gliocladiopsis","Gliocladiopsis irregularis","244","Presence"
"Plectosphaerella cucumerina","SPECIES",99,"EXACT","Fungi","Ascomycota","Sordariomycetes","Glomerellales","Plectosphaerellaceae","Plectosphaerella","Plectosphaerella cucumerina","244","Presence"
"Aspergillus fumigatus","SPECIES",99,"EXACT","Fungi","Ascomycota","Eurotiomycetes","Eurotiales","Aspergillaceae","Aspergillus","Aspergillus fumigatus","244","Presence"
"Cylindrocarpon","GENUS",94,"EXACT","Fungi","Ascomycota","Sordariomycetes","Hypocreales","Nectriaceae","Cylindrocarpon",NA,"244","Presence"
"Pestalotiopsis microspora","SPECIES",97,"EXACT","Fungi","Ascomycota","Sordariomycetes","Amphisphaeriales","Pestalotiopsidaceae","Pestalotiopsis","Pestalotiopsis microspora","374","Presence"
"Microspora","GENUS",94,"EXACT","Plantae","Chlorophyta","Chlorophyceae","Sphaeropleales","Microsporaceae","Microspora",NA,"374","Presence"
"Candida albicans","SPECIES",99,"EXACT","Fungi","Ascomycota","Saccharomycetes","Saccharomycetales","Debaryomycetaceae","Candida","Candida albicans","374","Presence"
"Penicillium mariae-crucis","SPECIES",99,"EXACT","Fungi","Ascomycota","Eurotiomycetes","Eurotiales","Aspergillaceae","Penicillium","Penicillium mariae-crucis","665","Presence"
"Paeonia lactiflora","SPECIES",99,"EXACT","Plantae","Tracheophyta","Magnoliopsida","Saxifragales","Paeoniaceae","Paeonia","Paeonia lactiflora","665","Presence"
"Pestalotiopsis adusta","SPECIES",99,"EXACT","Fungi","Ascomycota","Sordariomycetes","Amphisphaeriales","Pestalotiopsidaceae","Pestalotiopsis","Pestalotiopsis adusta","602","Presence"
"Clerodendrum canescens","SPECIES",98,"EXACT","Plantae","Tracheophyta","Magnoliopsida","Lamiales","Lamiaceae","Clerodendrum","Clerodendrum canescens","602","Presence"
"Pestalotiopsis","GENUS",94,"HIGHERRANK","Fungi","Ascomycota","Sordariomycetes","Amphisphaeriales","Pestalotiopsidaceae","Pestalotiopsis",NA,"602","Presence"
"Euphorbia royleana","SPECIES",99,"EXACT","Plantae","Tracheophyta","Magnoliopsida","Malpighiales","Euphorbiaceae","Euphorbia","Euphorbia royleana","768","Presence"
"Hyalodendriella","GENUS",94,"HIGHERRANK","Fungi","Ascomycota","Leotiomycetes","Helotiales","Hamatocanthoscyphaceae","Hyalodendriella",NA,"709","Presence"
"Nerium oleander","SPECIES",99,"EXACT","Plantae","Tracheophyta","Magnoliopsida","Gentianales","Apocynaceae","Nerium","Nerium oleander","91","Presence"
"Apocynaceae","FAMILY",96,"EXACT","Plantae","Tracheophyta","Magnoliopsida","Gentianales","Apocynaceae",NA,NA,"91","Presence"
"Chaetomium","GENUS",94,"HIGHERRANK","Fungi","Ascomycota","Sordariomycetes","Sordariales","Chaetomiaceae","Chaetomium",NA,"91","Presence"
"Lamiaceae","FAMILY",94,"HIGHERRANK","Plantae","Tracheophyta","Magnoliopsida","Lamiales","Lamiaceae",NA,NA,"953","Review"
"Salvia","GENUS",94,"HIGHERRANK","Plantae","Tracheophyta","Magnoliopsida","Lamiales","Lamiaceae","Salvia",NA,"953","Review"
"Aloe vera","SPECIES",97,"EXACT","Plantae","Tracheophyta","Liliopsida","Asparagales","Asphodelaceae","Aloe","Aloe vera","348","Presence"
"Preussia africana","SPECIES",99,"EXACT","Fungi","Ascomycota","Dothideomycetes","Pleosporales","Sporormiaceae","Preussia","Preussia africana","348","Presence"
"Sporormiaceae","FAMILY",96,"EXACT","Fungi","Ascomycota","Dothideomycetes","Pleosporales","Sporormiaceae",NA,NA,"348","Presence"
"Suaeda","GENUS",94,"HIGHERRANK","Plantae","Tracheophyta","Magnoliopsida","Caryophyllales","Amaranthaceae","Suaeda",NA,"649","Presence"
"Alternaria","GENUS",94,"HIGHERRANK","Fungi","Ascomycota","Dothideomycetes","Pleosporales","Pleosporaceae","Alternaria",NA,"649","Presence"
"Ascomycota","PHYLUM",92,"HIGHERRANK","Fungi","Ascomycota",NA,NA,NA,NA,NA,"649","Presence"
"Phyla","GENUS",94,"HIGHERRANK","Plantae","Tracheophyta","Magnoliopsida","Lamiales","Verbenaceae","Phyla",NA,"355","Review"
"Mucoromycota","PHYLUM",94,"HIGHERRANK","Fungi","Mucoromycota",NA,NA,NA,NA,NA,"355","Review"
"Basidiomycota","PHYLUM",96,"EXACT","Fungi","Basidiomycota",NA,NA,NA,NA,NA,"355","Review"
"Ascomycota","PHYLUM",94,"HIGHERRANK","Fungi","Ascomycota",NA,NA,NA,NA,NA,"355","Review"
"Agaricomycetes","CLASS",94,"HIGHERRANK","Fungi","Basidiomycota","Agaricomycetes",NA,NA,NA,NA,"355","Review"
"Eurotiomycetes","CLASS",94,"HIGHERRANK","Fungi","Ascomycota","Eurotiomycetes",NA,NA,NA,NA,"355","Review"
"Saccharomycetes","CLASS",96,"EXACT","Fungi","Ascomycota","Saccharomycetes",NA,NA,NA,NA,"355","Review"
"Sordariomycetes","CLASS",94,"HIGHERRANK","Fungi","Ascomycota","Sordariomycetes",NA,NA,NA,NA,"355","Review"
"Chaetomium","GENUS",94,"HIGHERRANK","Fungi","Ascomycota","Sordariomycetes","Sordariales","Chaetomiaceae","Chaetomium",NA,"355","Review"
"Fusarium","GENUS",94,"HIGHERRANK","Fungi","Ascomycota","Sordariomycetes","Hypocreales","Nectriaceae","Fusarium",NA,"355","Review"
"Gaeumannomyces","GENUS",94,"HIGHERRANK","Fungi","Ascomycota","Sordariomycetes","Magnaporthales","Magnaporthaceae","Gaeumannomyces",NA,"355","Review"
"Metarhizium","GENUS",94,"HIGHERRANK","Fungi","Ascomycota","Sordariomycetes","Hypocreales","Clavicipitaceae","Metarhizium",NA,"355","Review"
"Microsphaeropsis","GENUS",94,"HIGHERRANK","Fungi","Ascomycota","Dothideomycetes","Pleosporales","Didymellaceae","Microsphaeropsis",NA,"355","Review"
"Paecilomyces penicillatus","SPECIES",93,"FUZZY","Fungi","Ascomycota","Eurotiomycetes","Eurotiales","Aspergillaceae","Paecilomyces","Paecilomyces penicillatus","355","Review"
"Ascomycota","PHYLUM",92,"HIGHERRANK","Fungi","Ascomycota",NA,NA,NA,NA,NA,"355","Review"
"Talaromyces","GENUS",94,"HIGHERRANK","Fungi","Ascomycota","Eurotiomycetes","Eurotiales","Aspergillaceae","Talaromyces",NA,"355","Review"
"Trichoderma verticillatum","SPECIES",93,"FUZZY","Fungi","Ascomycota","Sordariomycetes","Hypocreales","Hypocreaceae","Trichoderma","Trichoderma verticillatum","355","Review"
"Verticillium","GENUS",94,"EXACT","Fungi","Ascomycota","Sordariomycetes","Glomerellales","Plectosphaerellaceae","Verticillium",NA,"355","Review"
"Xylaria","GENUS",92,"HIGHERRANK","Fungi","Ascomycota","Sordariomycetes","Xylariales","Xylariaceae","Xylaria",NA,"355","Review"
"Pestalotiopsis fici","SPECIES",99,"EXACT","Fungi","Ascomycota","Sordariomycetes","Amphisphaeriales","Pestalotiopsidaceae","Pestalotiopsis","Pestalotiopsis fici","840","Presence"
"Alternaria alternata","SPECIES",99,"EXACT","Fungi","Ascomycota","Dothideomycetes","Pleosporales","Pleosporaceae","Alternaria","Alternaria alternata","519","Presence"
"Cladosporium herbarum","SPECIES",97,"EXACT","Fungi","Ascomycota","Dothideomycetes","Capnodiales","Cladosporiaceae","Cladosporium","Cladosporium herbarum","519","Presence"
"Epicoccum nigrum","SPECIES",97,"EXACT","Fungi","Ascomycota","Dothideomycetes","Pleosporales","Didymellaceae","Epicoccum","Epicoccum nigrum","519","Presence"
"Ascomycota","PHYLUM",92,"HIGHERRANK","Fungi","Ascomycota",NA,NA,NA,NA,NA,"519","Presence"
"Fusarium graminearum","SPECIES",99,"EXACT","Fungi","Ascomycota","Sordariomycetes","Hypocreales","Nectriaceae","Fusarium","Fusarium graminearum","519","Presence"
"Siraitia grosvenorii","SPECIES",97,"EXACT","Plantae","Tracheophyta","Magnoliopsida","Cucurbitales","Cucurbitaceae","Siraitia","Siraitia grosvenorii","426","Presence"
"Fusarium solani","SPECIES",97,"EXACT","Fungi","Ascomycota","Sordariomycetes","Hypocreales","Nectriaceae","Fusarium","Fusarium solani","426","Presence"
"Trichoderma eijii","SPECIES",84,"FUZZY","Fungi","Ascomycota","Sordariomycetes","Hypocreales","Hypocreaceae","Trichoderma","Trichoderma eijii","766","Presence"
"Amaranthaceae","FAMILY",96,"EXACT","Plantae","Tracheophyta","Magnoliopsida","Caryophyllales","Amaranthaceae",NA,NA,"211","Presence"
"Cochliobolus","GENUS",94,"HIGHERRANK","Fungi","Ascomycota","Dothideomycetes","Pleosporales","Pleosporaceae","Cochliobolus",NA,"211","Presence"
"Assay","GENUS",94,"EXACT","Plantae","Tracheophyta","Liliopsida","Poales","Poaceae","Assay",NA,"211","Presence"
"Assay","GENUS",94,"HIGHERRANK","Plantae","Tracheophyta","Liliopsida","Poales","Poaceae","Assay",NA,"211","Presence"
"Aspergillus nidulans","SPECIES",99,"EXACT","Fungi","Ascomycota","Eurotiomycetes","Eurotiales","Aspergillaceae","Aspergillus","Aspergillus nidulans","932","Presence"
"Rhizophora stylosa","SPECIES",99,"EXACT","Plantae","Tracheophyta","Magnoliopsida","Malpighiales","Rhizophoraceae","Rhizophora","Rhizophora stylosa","932","Presence"
"Neotyphodium","GENUS",94,"HIGHERRANK","Fungi","Ascomycota","Sordariomycetes","Hypocreales","Clavicipitaceae","Neotyphodium",NA,"590","Presence"
"Stagonospora","GENUS",94,"EXACT","Fungi","Ascomycota","Dothideomycetes","Pleosporales","Phaeosphaeriaceae","Stagonospora",NA,"590","Presence"
"Pinus tabuliformis","SPECIES",93,"FUZZY","Plantae","Tracheophyta","Pinopsida","Pinales","Pinaceae","Pinus","Pinus tabuliformis","555","Presence"
"Alternaria alternata","SPECIES",99,"EXACT","Fungi","Ascomycota","Dothideomycetes","Pleosporales","Pleosporaceae","Alternaria","Alternaria alternata","555","Presence"
"Leptostroma","GENUS",94,"HIGHERRANK","Fungi","Ascomycota","Leotiomycetes","Rhytismatales","Rhytismataceae","Leptostroma",NA,"555","Presence"
"Pestalotiopsis besseyi","SPECIES",99,"EXACT","Fungi","Ascomycota","Sordariomycetes","Amphisphaeriales","Pestalotiopsidaceae","Pestalotiopsis","Pestalotiopsis besseyi","555","Presence"
"Phomopsis archeri","SPECIES",99,"EXACT","Fungi","Ascomycota","Sordariomycetes","Diaporthales","Diaporthaceae","Phomopsis","Phomopsis archeri","555","Presence"
"Oxytropis","GENUS",94,"HIGHERRANK","Plantae","Tracheophyta","Magnoliopsida","Fabales","Fabaceae","Oxytropis",NA,"871","Presence"
"Cephalotaxus hainanensis","SPECIES",99,"EXACT","Plantae","Tracheophyta","Pinopsida","Pinales","Cephalotaxaceae","Cephalotaxus","Cephalotaxus hainanensis","373","Presence"
"Quercella","GENUS",94,"HIGHERRANK","Fungi","Basidiomycota","Agaricomycetes","Agaricales","Hymenogastraceae","Quercella",NA,"373","Presence"
"Colletotrichum boninense","SPECIES",99,"EXACT","Fungi","Ascomycota","Sordariomycetes","Glomerellales","Glomerellaceae","Colletotrichum","Colletotrichum boninense","373","Presence"
"Xylaria","GENUS",92,"HIGHERRANK","Fungi","Ascomycota","Sordariomycetes","Xylariales","Xylariaceae","Xylaria",NA,"373","Presence"
"Rhizoctonia solani","SPECIES",99,"EXACT","Fungi","Basidiomycota","Agaricomycetes","Cantharellales","Ceratobasidiaceae","Rhizoctonia","Rhizoctonia solani","373","Presence"
"Sclerotinia sclerotiorum","SPECIES",99,"EXACT","Fungi","Ascomycota","Leotiomycetes","Helotiales","Sclerotiniaceae","Sclerotinia","Sclerotinia sclerotiorum","373","Presence"
"Fusarium oxysporum","SPECIES",99,"EXACT","Fungi","Ascomycota","Sordariomycetes","Hypocreales","Nectriaceae","Fusarium","Fusarium oxysporum","373","Presence"
"Rehmannia glutinosa","SPECIES",97,"EXACT","Plantae","Tracheophyta","Magnoliopsida","Lamiales","Rehmanniaceae","Rehmannia","Rehmannia glutinosa","844","Presence"
"Oryza","GENUS",94,"HIGHERRANK","Plantae","Tracheophyta","Liliopsida","Poales","Poaceae","Oryza",NA,"844","Presence"
"Herbertus herpocladioides","SPECIES",99,"EXACT","Plantae","Marchantiophyta","Jungermanniopsida","Jungermanniales","Herbertaceae","Herbertus","Herbertus herpocladioides","143","Presence"
"Alternaria citriarbusti","SPECIES",99,"EXACT","Fungi","Ascomycota","Dothideomycetes","Pleosporales","Pleosporaceae","Alternaria","Alternaria citriarbusti","143","Presence"
"Candida albicans","SPECIES",99,"EXACT","Fungi","Ascomycota","Saccharomycetes","Saccharomycetales","Debaryomycetaceae","Candida","Candida albicans","143","Presence"
"Enhalus acoroides","SPECIES",97,"EXACT","Plantae","Tracheophyta","Liliopsida","Alismatales","Hydrocharitaceae","Enhalus","Enhalus acoroides","544","Presence"
"Ascomycota","PHYLUM",92,"HIGHERRANK","Fungi","Ascomycota",NA,NA,NA,NA,NA,"544","Presence"
"Nigrospora","GENUS",94,"EXACT","Fungi","Ascomycota","Sordariomycetes","Trichosphaeriales","Trichosphaeriaceae","Nigrospora",NA,"544","Presence"
"Fusarium","GENUS",94,"EXACT","Fungi","Ascomycota","Sordariomycetes","Hypocreales","Nectriaceae","Fusarium",NA,"544","Presence"
"Nigrospora","GENUS",94,"HIGHERRANK","Fungi","Ascomycota","Sordariomycetes","Trichosphaeriales","Trichosphaeriaceae","Nigrospora",NA,"544","Presence"
"Microsporum gypseum","SPECIES",99,"EXACT","Fungi","Ascomycota","Eurotiomycetes","Onygenales","Arthrodermataceae","Microsporum","Microsporum gypseum","544","Presence"
"Quercus variabilis","SPECIES",99,"EXACT","Plantae","Tracheophyta","Magnoliopsida","Fagales","Fagaceae","Quercus","Quercus variabilis","490","Presence"
"Trichophyton rubrum","SPECIES",99,"EXACT","Fungi","Ascomycota","Eurotiomycetes","Onygenales","Arthrodermataceae","Trichophyton","Trichophyton rubrum","490","Presence"
"Candida albicans","SPECIES",99,"EXACT","Fungi","Ascomycota","Saccharomycetes","Saccharomycetales","Debaryomycetaceae","Candida","Candida albicans","490","Presence"
"Aspergillus niger","SPECIES",99,"EXACT","Fungi","Ascomycota","Eurotiomycetes","Eurotiales","Aspergillaceae","Aspergillus","Aspergillus niger","490","Presence"
"Epidermophyton floccosum","SPECIES",99,"EXACT","Fungi","Ascomycota","Eurotiomycetes","Onygenales","Arthrodermataceae","Epidermophyton","Epidermophyton floccosum","490","Presence"
"Microsporum canis","SPECIES",98,"EXACT","Fungi","Ascomycota","Eurotiomycetes","Onygenales","Arthrodermataceae","Microsporum","Microsporum canis","490","Presence"
"Ascomycota","PHYLUM",92,"HIGHERRANK","Fungi","Ascomycota",NA,NA,NA,NA,NA,"490","Presence"
"Alternaria","GENUS",94,"HIGHERRANK","Fungi","Ascomycota","Dothideomycetes","Pleosporales","Pleosporaceae","Alternaria",NA,"490","Presence"
"Cladosporium","GENUS",92,"HIGHERRANK","Fungi","Ascomycota","Dothideomycetes","Capnodiales","Cladosporiaceae","Cladosporium",NA,"490","Presence"
"Aspergillus nidulans","SPECIES",99,"EXACT","Fungi","Ascomycota","Eurotiomycetes","Eurotiales","Aspergillaceae","Aspergillus","Aspergillus nidulans","621","Presence"
"Cynanchum bungei","SPECIES",99,"EXACT","Plantae","Tracheophyta","Magnoliopsida","Gentianales","Apocynaceae","Cynanchum","Cynanchum bungei","775","Presence"
"Cynanchum","GENUS",94,"HIGHERRANK","Plantae","Tracheophyta","Magnoliopsida","Gentianales","Apocynaceae","Cynanchum",NA,"775","Presence"
"Fusarium","GENUS",94,"HIGHERRANK","Fungi","Ascomycota","Sordariomycetes","Hypocreales","Nectriaceae","Fusarium",NA,"775","Presence"
"Exophiala","GENUS",94,"HIGHERRANK","Fungi","Ascomycota","Eurotiomycetes","Chaetothyriales","Herpotrichiellaceae","Exophiala",NA,"775","Presence"
"Ascomycota","PHYLUM",92,"HIGHERRANK","Fungi","Ascomycota",NA,NA,NA,NA,NA,"775","Presence"
"Botryosphaeria","GENUS",94,"EXACT","Fungi","Ascomycota","Dothideomycetes","Botryosphaeriales","Botryosphaeriaceae","Botryosphaeria",NA,"775","Presence"
"Filobasidium","GENUS",94,"HIGHERRANK","Fungi","Basidiomycota","Tremellomycetes","Filobasidiales","Filobasidiaceae","Filobasidium",NA,"775","Presence"
"Ascomycota","PHYLUM",92,"HIGHERRANK","Fungi","Ascomycota",NA,NA,NA,NA,NA,"905","Presence"
"Prunus persica","SPECIES",97,"EXACT","Plantae","Tracheophyta","Magnoliopsida","Rosales","Rosaceae","Prunus","Prunus persica","905","Presence"
"Rhizoctonia solani","SPECIES",99,"EXACT","Fungi","Basidiomycota","Agaricomycetes","Cantharellales","Ceratobasidiaceae","Rhizoctonia","Rhizoctonia solani","905","Presence"
"Globba patens","SPECIES",99,"EXACT","Plantae","Tracheophyta","Liliopsida","Zingiberales","Zingiberaceae","Globba","Globba patens","937","Presence"
"Assay","GENUS",94,"EXACT","Plantae","Tracheophyta","Liliopsida","Poales","Poaceae","Assay",NA,"937","Presence"
"Colletotrichum siamense","SPECIES",99,"EXACT","Fungi","Ascomycota","Sordariomycetes","Glomerellales","Glomerellaceae","Colletotrichum","Colletotrichum siamense","937","Presence"
"Stipa krylovii","SPECIES",99,"EXACT","Plantae","Tracheophyta","Liliopsida","Poales","Poaceae","Stipa","Stipa krylovii","842","Presence"
"Pleosporales","ORDER",94,"HIGHERRANK","Fungi","Ascomycota","Dothideomycetes","Pleosporales",NA,NA,NA,"842","Presence"
"Hypocreales","ORDER",94,"HIGHERRANK","Fungi","Ascomycota","Sordariomycetes","Hypocreales",NA,NA,NA,"842","Presence"
"Agaricales","ORDER",94,"EXACT","Fungi","Basidiomycota","Agaricomycetes","Agaricales",NA,NA,NA,"842","Presence"
"Xylariales","ORDER",94,"HIGHERRANK","Fungi","Ascomycota","Sordariomycetes","Xylariales",NA,NA,NA,"842","Presence"
"Marasmius","GENUS",94,"HIGHERRANK","Fungi","Basidiomycota","Agaricomycetes","Agaricales","Marasmiaceae","Marasmius",NA,"842","Presence"
"Fusarium","GENUS",94,"HIGHERRANK","Fungi","Ascomycota","Sordariomycetes","Hypocreales","Nectriaceae","Fusarium",NA,"842","Presence"
"Acremonium","GENUS",94,"HIGHERRANK","Fungi","Ascomycota","Sordariomycetes","Hypocreales","Bionectriaceae","Acremonium",NA,"842","Presence"
"Ascomycota","PHYLUM",92,"HIGHERRANK","Fungi","Ascomycota",NA,NA,NA,NA,NA,"842","Presence"
"Monosporascus","GENUS",94,"EXACT","Fungi","Ascomycota","Sordariomycetes","Xylariales","Diatrypaceae","Monosporascus",NA,"842","Presence"
"Stagonosporopsis oculi-hominis","SPECIES",96,"FUZZY","Fungi","Ascomycota","Dothideomycetes","Pleosporales","Didymellaceae","Stagonosporopsis","Stagonosporopsis oculi-hominis","923","Presence"
"Dendrobium huoshanense","SPECIES",99,"EXACT","Plantae","Tracheophyta","Liliopsida","Asparagales","Orchidaceae","Dendrobium","Dendrobium huoshanense","923","Presence"
"Kadsura angustifolia","SPECIES",99,"EXACT","Plantae","Tracheophyta","Magnoliopsida","Austrobaileyales","Schisandraceae","Kadsura","Kadsura angustifolia","309","Presence"
"Ascomycota","PHYLUM",94,"HIGHERRANK","Fungi","Ascomycota",NA,NA,NA,NA,NA,"309","Presence"
"Zygomycota","PHYLUM",94,"HIGHERRANK","Fungi","Zygomycota",NA,NA,NA,NA,NA,"309","Presence"
"Basidiomycota","PHYLUM",96,"EXACT","Fungi","Basidiomycota",NA,NA,NA,NA,NA,"309","Presence"
"Verticillium dahliae","SPECIES",99,"EXACT","Fungi","Ascomycota","Sordariomycetes","Glomerellales","Plectosphaerellaceae","Verticillium","Verticillium dahliae","309","Presence"
"Colletotrichum","GENUS",94,"HIGHERRANK","Fungi","Ascomycota","Sordariomycetes","Glomerellales","Glomerellaceae","Colletotrichum",NA,"309","Presence"
"Eupenicillium","GENUS",94,"HIGHERRANK","Fungi","Ascomycota","Eurotiomycetes","Eurotiales","Aspergillaceae","Eupenicillium",NA,"309","Presence"
"Fusarium","GENUS",94,"HIGHERRANK","Fungi","Ascomycota","Sordariomycetes","Hypocreales","Nectriaceae","Fusarium",NA,"309","Presence"
"Hypoxylon","GENUS",92,"HIGHERRANK","Fungi","Ascomycota","Sordariomycetes","Xylariales","Hypoxylaceae","Hypoxylon",NA,"309","Presence"
"Ascomycota","PHYLUM",92,"HIGHERRANK","Fungi","Ascomycota",NA,NA,NA,NA,NA,"309","Presence"
"Phomopsis","GENUS",92,"HIGHERRANK","Fungi","Ascomycota","Sordariomycetes","Diaporthales","Diaporthaceae","Phomopsis",NA,"309","Presence"
"Trametes","GENUS",94,"HIGHERRANK","Fungi","Basidiomycota","Agaricomycetes","Polyporales","Polyporaceae","Trametes",NA,"309","Presence"
"Umbelopsis","GENUS",94,"HIGHERRANK","Fungi","Mucoromycota","Umbelopsidomycetes","Umbelopsidales","Umbelopsidaceae","Umbelopsis",NA,"309","Presence"
"Verticillium","GENUS",94,"EXACT","Fungi","Ascomycota","Sordariomycetes","Glomerellales","Plectosphaerellaceae","Verticillium",NA,"309","Presence"
"Xylaria","GENUS",92,"HIGHERRANK","Fungi","Ascomycota","Sordariomycetes","Xylariales","Xylariaceae","Xylaria",NA,"309","Presence"
"Forsythia suspensa","SPECIES",99,"EXACT","Plantae","Tracheophyta","Magnoliopsida","Lamiales","Oleaceae","Forsythia","Forsythia suspensa","135","Presence"
"Colletotrichum gloeosporioides","SPECIES",99,"EXACT","Fungi","Ascomycota","Sordariomycetes","Glomerellales","Glomerellaceae","Colletotrichum","Colletotrichum gloeosporioides","135","Presence"
"Brassica","GENUS",94,"HIGHERRANK","Plantae","Tracheophyta","Magnoliopsida","Brassicales","Brassicaceae","Brassica",NA,"821","Presence"
"Brassica oleracea","SPECIES",98,"EXACT","Plantae","Tracheophyta","Magnoliopsida","Brassicales","Brassicaceae","Brassica","Brassica oleracea","821","Presence"
"Acephala","GENUS",94,"HIGHERRANK","Fungi","Ascomycota","Leotiomycetes","Helotiales","Vibrisseaceae","Acephala",NA,"821","Presence"
"Acrocalymma vagum","SPECIES",99,"EXACT","Fungi","Ascomycota","Dothideomycetes","Pleosporales","Acrocalymmaceae","Acrocalymma","Acrocalymma vagum","821","Presence"
"Setophoma terrestris","SPECIES",99,"EXACT","Fungi","Ascomycota","Dothideomycetes","Pleosporales","Phaeosphaeriaceae","Setophoma","Setophoma terrestris","821","Presence"
"Fusarium oxysporum","SPECIES",99,"EXACT","Fungi","Ascomycota","Sordariomycetes","Hypocreales","Nectriaceae","Fusarium","Fusarium oxysporum","821","Presence"
"Pyrenophora","GENUS",94,"HIGHERRANK","Fungi","Ascomycota","Dothideomycetes","Pleosporales","Pleosporaceae","Pyrenophora",NA,"821","Presence"
"Brassica","GENUS",94,"EXACT","Plantae","Tracheophyta","Magnoliopsida","Brassicales","Brassicaceae","Brassica",NA,"821","Presence"
"Leptosphaeria maculans","SPECIES",97,"EXACT","Fungi","Ascomycota","Dothideomycetes","Pleosporales","Leptosphaeriaceae","Leptosphaeria","Leptosphaeria maculans","821","Presence"
"Sclerotinia sclerotiorum","SPECIES",99,"EXACT","Fungi","Ascomycota","Leotiomycetes","Helotiales","Sclerotiniaceae","Sclerotinia","Sclerotinia sclerotiorum","821","Presence"
"Talaromyces stipitatus","SPECIES",99,"EXACT","Fungi","Ascomycota","Eurotiomycetes","Eurotiales","Aspergillaceae","Talaromyces","Talaromyces stipitatus","954","Presence"
"Acanthus ilicifolius","SPECIES",97,"EXACT","Plantae","Tracheophyta","Magnoliopsida","Lamiales","Acanthaceae","Acanthus","Acanthus ilicifolius","954","Presence"
"Assay","GENUS",94,"HIGHERRANK","Plantae","Tracheophyta","Liliopsida","Poales","Poaceae","Assay",NA,"954","Presence"
"Asteraceae","FAMILY",94,"HIGHERRANK","Plantae","Tracheophyta","Magnoliopsida","Asterales","Asteraceae",NA,NA,"224","Presence"
"Asteraceae","FAMILY",94,"HIGHERRANK","Plantae","Tracheophyta","Magnoliopsida","Asterales","Asteraceae",NA,NA,"224","Presence"
"Assay","GENUS",94,"HIGHERRANK","Plantae","Tracheophyta","Liliopsida","Poales","Poaceae","Assay",NA,"224","Presence"
"Fusarium proliferatum","SPECIES",99,"EXACT","Fungi","Ascomycota","Sordariomycetes","Hypocreales","Nectriaceae","Fusarium","Fusarium proliferatum","224","Presence"
"Ascomycota","PHYLUM",92,"HIGHERRANK","Fungi","Ascomycota",NA,NA,NA,NA,NA,"224","Presence"
"Fusarium","GENUS",94,"HIGHERRANK","Fungi","Ascomycota","Sordariomycetes","Hypocreales","Nectriaceae","Fusarium",NA,"224","Presence"
"Stemphylium","GENUS",94,"HIGHERRANK","Fungi","Ascomycota","Dothideomycetes","Pleosporales","Pleosporaceae","Stemphylium",NA,"224","Presence"
"Septoria","GENUS",94,"HIGHERRANK","Fungi","Ascomycota","Dothideomycetes","Mycosphaerellales","Mycosphaerellaceae","Septoria",NA,"224","Presence"
"Alternaria","GENUS",94,"HIGHERRANK","Fungi","Ascomycota","Dothideomycetes","Pleosporales","Pleosporaceae","Alternaria",NA,"224","Presence"
"Didymella","GENUS",94,"HIGHERRANK","Fungi","Ascomycota","Dothideomycetes","Pleosporales","Didymellaceae","Didymella",NA,"224","Presence"
"Ascomycota","PHYLUM",92,"HIGHERRANK","Fungi","Ascomycota",NA,NA,NA,NA,NA,"224","Presence"
"Chaetosphaeronema","GENUS",94,"HIGHERRANK","Fungi","Ascomycota","Dothideomycetes","Pleosporales","Phaeosphaeriaceae","Chaetosphaeronema",NA,"224","Presence"
"Sarocladium","GENUS",94,"HIGHERRANK","Fungi","Ascomycota","Sordariomycetes","Hypocreales","Sarocladiaceae","Sarocladium",NA,"224","Presence"
"Nemania","GENUS",94,"HIGHERRANK","Fungi","Ascomycota","Sordariomycetes","Xylariales","Xylariaceae","Nemania",NA,"224","Presence"
"Epicoccum","GENUS",94,"HIGHERRANK","Fungi","Ascomycota","Dothideomycetes","Pleosporales","Didymellaceae","Epicoccum",NA,"224","Presence"
"Cladosporium","GENUS",92,"HIGHERRANK","Fungi","Ascomycota","Dothideomycetes","Capnodiales","Cladosporiaceae","Cladosporium",NA,"224","Presence"
"Asteraceae","FAMILY",94,"HIGHERRANK","Plantae","Tracheophyta","Magnoliopsida","Asterales","Asteraceae",NA,NA,"224","Presence"
"Trichoderma atroviride","SPECIES",97,"EXACT","Fungi","Ascomycota","Sordariomycetes","Hypocreales","Hypocreaceae","Trichoderma","Trichoderma atroviride","166","Presence"
"Alpinia zerumbet","SPECIES",99,"EXACT","Plantae","Tracheophyta","Liliopsida","Zingiberales","Zingiberaceae","Alpinia","Alpinia zerumbet","217","Presence"
"Zingiberaceae","FAMILY",92,"HIGHERRANK","Plantae","Tracheophyta","Liliopsida","Zingiberales","Zingiberaceae",NA,NA,"217","Presence"
"Phyla","GENUS",94,"HIGHERRANK","Plantae","Tracheophyta","Magnoliopsida","Lamiales","Verbenaceae","Phyla",NA,"217","Presence"
"Cladosporium","GENUS",92,"HIGHERRANK","Fungi","Ascomycota","Dothideomycetes","Capnodiales","Cladosporiaceae","Cladosporium",NA,"217","Presence"
"Kodamaea","GENUS",94,"HIGHERRANK","Fungi","Ascomycota","Saccharomycetes","Saccharomycetales","Saccharomycetaceae","Kodamaea",NA,"217","Presence"
"Hannaella","GENUS",94,"HIGHERRANK","Fungi","Basidiomycota","Tremellomycetes","Tremellales","Bulleribasidiaceae","Hannaella",NA,"217","Presence"
"Mycothermus","GENUS",94,"HIGHERRANK","Fungi","Ascomycota","Sordariomycetes","Sordariales","Chaetomiaceae","Mycothermus",NA,"217","Presence"
"Sarocladium","GENUS",94,"EXACT","Fungi","Ascomycota","Sordariomycetes","Hypocreales","Sarocladiaceae","Sarocladium",NA,"217","Presence"
"Neopestalotiopsis","GENUS",94,"HIGHERRANK","Fungi","Ascomycota","Sordariomycetes","Amphisphaeriales","Pestalotiopsidaceae","Neopestalotiopsis",NA,"217","Presence"
"Alternaria","GENUS",94,"HIGHERRANK","Fungi","Ascomycota","Dothideomycetes","Pleosporales","Pleosporaceae","Alternaria",NA,"217","Presence"
"Fusarium","GENUS",94,"HIGHERRANK","Fungi","Ascomycota","Sordariomycetes","Hypocreales","Nectriaceae","Fusarium",NA,"217","Presence"
"Cladosporium","GENUS",92,"EXACT","Fungi","Ascomycota","Dothideomycetes","Capnodiales","Cladosporiaceae","Cladosporium",NA,"217","Presence"
"Sarocladium","GENUS",94,"HIGHERRANK","Fungi","Ascomycota","Sordariomycetes","Hypocreales","Sarocladiaceae","Sarocladium",NA,"217","Presence"
"Brachypodium distachyon","SPECIES",97,"EXACT","Plantae","Tracheophyta","Liliopsida","Poales","Poaceae","Brachypodium","Brachypodium distachyon","290","Presence"
"Microdochium bolleyi","SPECIES",99,"EXACT","Fungi","Ascomycota","Sordariomycetes","Amphisphaeriales","Amphisphaeriaceae","Microdochium","Microdochium bolleyi","290","Presence"
"Fusarium culmorum","SPECIES",99,"EXACT","Fungi","Ascomycota","Sordariomycetes","Hypocreales","Nectriaceae","Fusarium","Fusarium culmorum","290","Presence"
"Bletilla striata","SPECIES",99,"EXACT","Plantae","Tracheophyta","Liliopsida","Asparagales","Orchidaceae","Bletilla","Bletilla striata","588","Presence"
"Mycelium","GENUS",94,"HIGHERRANK","Fungi","Basidiomycota",NA,NA,NA,"Mycelium",NA,"588","Presence"
"Ferula assa-foetida","SPECIES",97,"EXACT","Plantae","Tracheophyta","Magnoliopsida","Apiales","Apiaceae","Ferula","Ferula assa-foetida","575","Presence"
"Fusarium","GENUS",94,"HIGHERRANK","Fungi","Ascomycota","Sordariomycetes","Hypocreales","Nectriaceae","Fusarium",NA,"575","Presence"
"Alternaria","GENUS",94,"EXACT","Fungi","Ascomycota","Dothideomycetes","Pleosporales","Pleosporaceae","Alternaria",NA,"575","Presence"
"Ascomycota","PHYLUM",92,"HIGHERRANK","Fungi","Ascomycota",NA,NA,NA,NA,NA,"575","Presence"
"Alternaria tenuissima","SPECIES",98,"EXACT","Fungi","Ascomycota","Dothideomycetes","Pleosporales","Pleosporaceae","Alternaria","Alternaria tenuissima","575","Presence"
"Taxus mairei","SPECIES",97,"EXACT","Plantae","Tracheophyta","Pinopsida","Pinales","Taxaceae","Taxus","Taxus mairei","141","Presence"
"Cephalotaxus fortunei","SPECIES",85,"FUZZY","Plantae","Tracheophyta","Pinopsida","Pinales","Cephalotaxaceae","Cephalotaxus","Cephalotaxus fortunei","141","Presence"
"Torreya grandis","SPECIES",98,"EXACT","Plantae","Tracheophyta","Pinopsida","Pinales","Taxaceae","Torreya","Torreya grandis","141","Presence"
"Assay","GENUS",94,"EXACT","Plantae","Tracheophyta","Liliopsida","Poales","Poaceae","Assay",NA,"141","Presence"
"Neurospora","GENUS",94,"HIGHERRANK","Fungi","Ascomycota","Sordariomycetes","Sordariales","Sordariaceae","Neurospora",NA,"141","Presence"
"Trichoderma eijii","SPECIES",84,"FUZZY","Fungi","Ascomycota","Sordariomycetes","Hypocreales","Hypocreaceae","Trichoderma","Trichoderma eijii","141","Presence"
"Fusarium","GENUS",94,"HIGHERRANK","Fungi","Ascomycota","Sordariomycetes","Hypocreales","Nectriaceae","Fusarium",NA,"141","Presence"
"Paecilomyces","GENUS",94,"HIGHERRANK","Fungi","Ascomycota","Eurotiomycetes","Eurotiales","Aspergillaceae","Paecilomyces",NA,"141","Presence"
"Poaceae","FAMILY",94,"HIGHERRANK","Plantae","Tracheophyta","Liliopsida","Poales","Poaceae",NA,NA,"722","Presence"
"Microbiota","GENUS",94,"HIGHERRANK","Plantae","Tracheophyta","Pinopsida","Pinales","Cupressaceae","Microbiota",NA,"722","Presence"
"Chrysopogon zizanioides","SPECIES",99,"EXACT","Plantae","Tracheophyta","Liliopsida","Poales","Poaceae","Chrysopogon","Chrysopogon zizanioides","722","Presence"
"Gigaspora albida","SPECIES",99,"EXACT","Fungi","Glomeromycota","Glomeromycetes","Diversisporales","Gigasporaceae","Gigaspora","Gigaspora albida","722","Presence"
"Acaulospora morrowiae","SPECIES",99,"EXACT","Fungi","Glomeromycota","Glomeromycetes","Diversisporales","Acaulosporaceae","Acaulospora","Acaulospora morrowiae","722","Presence"
"Microbiota","GENUS",94,"HIGHERRANK","Plantae","Tracheophyta","Pinopsida","Pinales","Cupressaceae","Microbiota",NA,"722","Presence"
"Beauveria bassiana","SPECIES",99,"EXACT","Fungi","Ascomycota","Sordariomycetes","Hypocreales","Cordycipitaceae","Beauveria","Beauveria bassiana","865","Presence"
"Vitis vinifera","SPECIES",93,"FUZZY","Plantae","Tracheophyta","Magnoliopsida","Vitales","Vitaceae","Vitis","Vitis vinifera","865","Presence"
"Alternaria","GENUS",94,"HIGHERRANK","Fungi","Ascomycota","Dothideomycetes","Pleosporales","Pleosporaceae","Alternaria",NA,"294","Presence"
"Pelargonium sidoides","SPECIES",99,"EXACT","Plantae","Tracheophyta","Magnoliopsida","Geraniales","Geraniaceae","Pelargonium","Pelargonium sidoides","294","Presence"
"Taxus","GENUS",94,"HIGHERRANK","Plantae","Tracheophyta","Pinopsida","Pinales","Taxaceae","Taxus",NA,"277","Presence"
"Taxus","GENUS",94,"HIGHERRANK","Plantae","Tracheophyta","Pinopsida","Pinales","Taxaceae","Taxus",NA,"277","Presence"
"Pseudodidymocyrtis lobariellae","SPECIES",99,"EXACT","Fungi","Ascomycota","Dothideomycetes","Pleosporales","Didymosphaeriaceae","Pseudodidymocyrtis","Pseudodidymocyrtis lobariellae","277","Presence"
"Taxus","GENUS",94,"HIGHERRANK","Plantae","Tracheophyta","Pinopsida","Pinales","Taxaceae","Taxus",NA,"277","Presence"
"Assay","GENUS",94,"HIGHERRANK","Plantae","Tracheophyta","Liliopsida","Poales","Poaceae","Assay",NA,"999","Presence"
"Cladosporium","GENUS",92,"HIGHERRANK","Fungi","Ascomycota","Dothideomycetes","Capnodiales","Cladosporiaceae","Cladosporium",NA,"999","Presence"
"Metarhizium anisopliae","SPECIES",99,"EXACT","Fungi","Ascomycota","Sordariomycetes","Hypocreales","Clavicipitaceae","Metarhizium","Metarhizium anisopliae","999","Presence"
"Quercus gambelii","SPECIES",97,"EXACT","Plantae","Tracheophyta","Magnoliopsida","Fagales","Fagaceae","Quercus","Quercus gambelii","41","Presence"
"Mikania micrantha","SPECIES",97,"EXACT","Plantae","Tracheophyta","Magnoliopsida","Asterales","Asteraceae","Mikania","Mikania micrantha","431","Presence"
"Fusarium proliferatum","SPECIES",99,"EXACT","Fungi","Ascomycota","Sordariomycetes","Hypocreales","Nectriaceae","Fusarium","Fusarium proliferatum","431","Presence"
"Mycelium","GENUS",94,"HIGHERRANK","Fungi","Basidiomycota",NA,NA,NA,"Mycelium",NA,"431","Presence"
"Diaporthe","GENUS",94,"HIGHERRANK","Fungi","Ascomycota","Sordariomycetes","Diaporthales","Diaporthaceae","Diaporthe",NA,"90","Review"
"Bipolaris","GENUS",94,"HIGHERRANK","Fungi","Ascomycota","Dothideomycetes","Pleosporales","Pleosporaceae","Bipolaris",NA,"316","Presence"
"Assay","GENUS",94,"HIGHERRANK","Plantae","Tracheophyta","Liliopsida","Poales","Poaceae","Assay",NA,"316","Presence"
"Cladosporium cladosporioides","SPECIES",99,"EXACT","Fungi","Ascomycota","Dothideomycetes","Capnodiales","Cladosporiaceae","Cladosporium","Cladosporium cladosporioides","316","Presence"
"Cladosporium cucumerinum","SPECIES",99,"EXACT","Fungi","Ascomycota","Dothideomycetes","Capnodiales","Cladosporiaceae","Cladosporium","Cladosporium cucumerinum","316","Presence"
"Saccharomyces cerevisiae","SPECIES",98,"EXACT","Fungi","Ascomycota","Saccharomycetes","Saccharomycetales","Saccharomycetaceae","Saccharomyces","Saccharomyces cerevisiae","316","Presence"
"Aspergillus niger","SPECIES",99,"EXACT","Fungi","Ascomycota","Eurotiomycetes","Eurotiales","Aspergillaceae","Aspergillus","Aspergillus niger","316","Presence"
"Melia azedarach","SPECIES",98,"EXACT","Plantae","Tracheophyta","Magnoliopsida","Sapindales","Meliaceae","Melia","Melia azedarach","528","Presence"
"Ascomycota","PHYLUM",92,"HIGHERRANK","Fungi","Ascomycota",NA,NA,NA,NA,NA,"528","Presence"
"Penicillium commune","SPECIES",99,"EXACT","Fungi","Ascomycota","Eurotiomycetes","Eurotiales","Aspergillaceae","Penicillium","Penicillium commune","606","Presence"
"Neurospora crassa","SPECIES",99,"EXACT","Fungi","Ascomycota","Sordariomycetes","Sordariales","Sordariaceae","Neurospora","Neurospora crassa","606","Presence"
"Cinnamomum longepaniculatum","SPECIES",97,"EXACT","Plantae","Tracheophyta","Magnoliopsida","Laurales","Lauraceae","Cinnamomum","Cinnamomum longepaniculatum","606","Presence"
"Fusarium proliferatum","SPECIES",99,"EXACT","Fungi","Ascomycota","Sordariomycetes","Hypocreales","Nectriaceae","Fusarium","Fusarium proliferatum","774","Presence"
"Ascomycota","PHYLUM",96,"EXACT","Fungi","Ascomycota",NA,NA,NA,NA,NA,"747","Presence"
"Colletotrichum","GENUS",94,"EXACT","Fungi","Ascomycota","Sordariomycetes","Glomerellales","Glomerellaceae","Colletotrichum",NA,"747","Presence"
"Euphorbia pekinensis","SPECIES",98,"EXACT","Plantae","Tracheophyta","Magnoliopsida","Malpighiales","Euphorbiaceae","Euphorbia","Euphorbia pekinensis","456","Presence"
"Fusarium","GENUS",94,"HIGHERRANK","Fungi","Ascomycota","Sordariomycetes","Hypocreales","Nectriaceae","Fusarium",NA,"456","Presence"
"Mycelium","GENUS",94,"EXACT","Fungi","Basidiomycota",NA,NA,NA,"Mycelium",NA,"456","Presence"
"Palicourea rigida","SPECIES",99,"EXACT","Plantae","Tracheophyta","Magnoliopsida","Gentianales","Rubiaceae","Palicourea","Palicourea rigida","598","Presence"
"Colletotrichum","GENUS",94,"HIGHERRANK","Fungi","Ascomycota","Sordariomycetes","Glomerellales","Glomerellaceae","Colletotrichum",NA,"598","Presence"
"Pestalotiopsis","GENUS",94,"HIGHERRANK","Fungi","Ascomycota","Sordariomycetes","Amphisphaeriales","Pestalotiopsidaceae","Pestalotiopsis",NA,"598","Presence"
"Botryosphaeriales","ORDER",94,"EXACT","Fungi","Ascomycota","Dothideomycetes","Botryosphaeriales",NA,NA,NA,"598","Presence"
"Diaporthe","GENUS",94,"HIGHERRANK","Fungi","Ascomycota","Sordariomycetes","Diaporthales","Diaporthaceae","Diaporthe",NA,"598","Presence"
"Lactuca sativa","SPECIES",99,"EXACT","Plantae","Tracheophyta","Magnoliopsida","Asterales","Asteraceae","Lactuca","Lactuca sativa","598","Presence"
"Aspergillus niger","SPECIES",99,"EXACT","Fungi","Ascomycota","Eurotiomycetes","Eurotiales","Aspergillaceae","Aspergillus","Aspergillus niger","598","Presence"
"Inonotus rickii","SPECIES",99,"EXACT","Fungi","Basidiomycota","Agaricomycetes","Hymenochaetales","Hymenochaetaceae","Inonotus","Inonotus rickii","598","Presence"
"Pestalotiopsis mangiferae","SPECIES",99,"EXACT","Fungi","Ascomycota","Sordariomycetes","Amphisphaeriales","Pestalotiopsidaceae","Pestalotiopsis","Pestalotiopsis mangiferae","598","Presence"
"Coniophora puteana","SPECIES",99,"EXACT","Fungi","Basidiomycota","Agaricomycetes","Boletales","Coniophoraceae","Coniophora","Coniophora puteana","598","Presence"
"Ascomycota","PHYLUM",92,"HIGHERRANK","Fungi","Ascomycota",NA,NA,NA,NA,NA,"854","Presence"
"Ginkgo biloba","SPECIES",99,"EXACT","Plantae","Tracheophyta","Ginkgoopsida","Ginkgoales","Ginkgoaceae","Ginkgo","Ginkgo biloba","854","Presence"
"Raphanus sativus","SPECIES",99,"EXACT","Plantae","Tracheophyta","Magnoliopsida","Brassicales","Brassicaceae","Raphanus","Raphanus sativus","854","Presence"
"Brassica napus","SPECIES",99,"EXACT","Plantae","Tracheophyta","Magnoliopsida","Brassicales","Brassicaceae","Brassica","Brassica napus","854","Presence"
"Atractylodes lancea","SPECIES",99,"EXACT","Plantae","Tracheophyta","Magnoliopsida","Asterales","Asteraceae","Atractylodes","Atractylodes lancea","39","Presence"
"Gilmaniella","GENUS",94,"HIGHERRANK","Fungi","Ascomycota",NA,NA,NA,"Gilmaniella",NA,"39","Presence"
"Tinospora cordifolia","SPECIES",97,"EXACT","Plantae","Tracheophyta","Magnoliopsida","Ranunculales","Menispermaceae","Tinospora","Tinospora cordifolia","159","Presence"
"Azadirachta indica","SPECIES",99,"EXACT","Plantae","Tracheophyta","Magnoliopsida","Sapindales","Meliaceae","Azadirachta","Azadirachta indica","159","Presence"
"Alternaria","GENUS",94,"HIGHERRANK","Fungi","Ascomycota","Dothideomycetes","Pleosporales","Pleosporaceae","Alternaria",NA,"159","Presence"
"Curvularia","GENUS",94,"HIGHERRANK","Fungi","Ascomycota","Dothideomycetes","Pleosporales","Pleosporaceae","Curvularia",NA,"159","Presence"
"Cladosporium","GENUS",92,"HIGHERRANK","Fungi","Ascomycota","Dothideomycetes","Capnodiales","Cladosporiaceae","Cladosporium",NA,"159","Presence"
"Penicillium asperulum","SPECIES",93,"FUZZY","Fungi","Ascomycota","Eurotiomycetes","Eurotiales","Aspergillaceae","Penicillium","Penicillium asperulum","159","Presence"
"Fusarium","GENUS",94,"HIGHERRANK","Fungi","Ascomycota","Sordariomycetes","Hypocreales","Nectriaceae","Fusarium",NA,"159","Presence"
"Colletotrichum","GENUS",94,"HIGHERRANK","Fungi","Ascomycota","Sordariomycetes","Glomerellales","Glomerellaceae","Colletotrichum",NA,"159","Presence"
"Rhizopus","GENUS",94,"HIGHERRANK","Fungi","Mucoromycota","Mucoromycetes","Mucorales","Rhizopodaceae","Rhizopus",NA,"159","Presence"
"Helminthosporium","GENUS",94,"HIGHERRANK","Fungi","Ascomycota","Dothideomycetes","Pleosporales","Massarinaceae","Helminthosporium",NA,"159","Presence"
"Pleurothecium","GENUS",94,"HIGHERRANK","Fungi","Ascomycota","Sordariomycetes","Pleurotheciales","Pleurotheciaceae","Pleurothecium",NA,"159","Presence"
"Aureobasidium","GENUS",94,"HIGHERRANK","Fungi","Ascomycota","Dothideomycetes","Dothideales","Saccotheciaceae","Aureobasidium",NA,"159","Presence"
"Cercospora","GENUS",94,"EXACT","Fungi","Ascomycota","Dothideomycetes","Mycosphaerellales","Mycosphaerellaceae","Cercospora",NA,"159","Presence"
"Curvularia","GENUS",94,"HIGHERRANK","Fungi","Ascomycota","Dothideomycetes","Pleosporales","Pleosporaceae","Curvularia",NA,"159","Presence"
"Ascomycota","PHYLUM",92,"HIGHERRANK","Fungi","Ascomycota",NA,NA,NA,NA,NA,"159","Presence"
"Pinus sylvestris","SPECIES",98,"EXACT","Plantae","Tracheophyta","Pinopsida","Pinales","Pinaceae","Pinus","Pinus sylvestris","752","Presence"
"Acephala applanata","SPECIES",99,"EXACT","Fungi","Ascomycota","Leotiomycetes","Helotiales","Vibrisseaceae","Acephala","Acephala applanata","752","Presence"
"Phialocephala fortinii","SPECIES",99,"EXACT","Fungi","Ascomycota","Leotiomycetes","Helotiales","Mollisiaceae","Phialocephala","Phialocephala fortinii","752","Presence"
"Humicolopsis cephalosporioides","SPECIES",99,"EXACT","Fungi","Ascomycota","Leotiomycetes","Helotiales",NA,"Humicolopsis","Humicolopsis cephalosporioides","752","Presence"
"Coniochaeta mutabilis","SPECIES",99,"EXACT","Fungi","Ascomycota","Sordariomycetes","Coniochaetales","Coniochaetaceae","Coniochaeta","Coniochaeta mutabilis","752","Presence"
"Ozonium","GENUS",94,"HIGHERRANK","Fungi","Basidiomycota","Agaricomycetes","Agaricales","Psathyrellaceae","Ozonium",NA,"209","Presence"
"Taxus chinensis","SPECIES",97,"EXACT","Plantae","Tracheophyta","Pinopsida","Pinales","Taxaceae","Taxus","Taxus chinensis","209","Presence"
"Mycelium","GENUS",94,"HIGHERRANK","Fungi","Basidiomycota",NA,NA,NA,"Mycelium",NA,"209","Presence"
"Fusarium redolens","SPECIES",99,"EXACT","Fungi","Ascomycota","Sordariomycetes","Hypocreales","Nectriaceae","Fusarium","Fusarium redolens","988","Presence"
"Dioscorea zingiberensis","SPECIES",99,"EXACT","Plantae","Tracheophyta","Liliopsida","Dioscoreales","Dioscoreaceae","Dioscorea","Dioscorea zingiberensis","988","Presence"
"Assay","GENUS",94,"EXACT","Plantae","Tracheophyta","Liliopsida","Poales","Poaceae","Assay",NA,"988","Presence"
"Rigidoporus","GENUS",94,"HIGHERRANK","Fungi","Basidiomycota","Agaricomycetes","Polyporales","Meripilaceae","Rigidoporus",NA,"994","Presence"
"Fusarium proliferatum","SPECIES",99,"EXACT","Fungi","Ascomycota","Sordariomycetes","Hypocreales","Nectriaceae","Fusarium","Fusarium proliferatum","994","Presence"
"Penicillium citrinum","SPECIES",99,"EXACT","Fungi","Ascomycota","Eurotiomycetes","Eurotiales","Aspergillaceae","Penicillium","Penicillium citrinum","994","Presence"
"Trichoderma asperellum","SPECIES",99,"EXACT","Fungi","Ascomycota","Sordariomycetes","Hypocreales","Hypocreaceae","Trichoderma","Trichoderma asperellum","994","Presence"
"Chaetomium","GENUS",94,"HIGHERRANK","Fungi","Ascomycota","Sordariomycetes","Sordariales","Chaetomiaceae","Chaetomium",NA,"994","Presence"
"Curvularia lunata","SPECIES",99,"EXACT","Fungi","Ascomycota","Dothideomycetes","Pleosporales","Pleosporaceae","Curvularia","Curvularia lunata","994","Presence"
"Chaetomium","GENUS",92,"HIGHERRANK","Fungi","Ascomycota","Sordariomycetes","Sordariales","Chaetomiaceae","Chaetomium",NA,"994","Presence"
"Phomopsis","GENUS",92,"HIGHERRANK","Fungi","Ascomycota","Sordariomycetes","Diaporthales","Diaporthaceae","Phomopsis",NA,"516","Presence"
"Alternanthera bettzickiana","SPECIES",97,"EXACT","Plantae","Tracheophyta","Magnoliopsida","Caryophyllales","Amaranthaceae","Alternanthera","Alternanthera bettzickiana","516","Presence"
"Huperzia serrata","SPECIES",97,"EXACT","Plantae","Tracheophyta","Lycopodiopsida","Lycopodiales","Lycopodiaceae","Huperzia","Huperzia serrata","69","Presence"
"Phyla","GENUS",94,"HIGHERRANK","Plantae","Tracheophyta","Magnoliopsida","Lamiales","Verbenaceae","Phyla",NA,"69","Presence"
"Phyla","GENUS",94,"HIGHERRANK","Plantae","Tracheophyta","Magnoliopsida","Lamiales","Verbenaceae","Phyla",NA,"69","Presence"
"Rhizophora apiculata","SPECIES",99,"EXACT","Plantae","Tracheophyta","Magnoliopsida","Malpighiales","Rhizophoraceae","Rhizophora","Rhizophora apiculata","895","Presence"
"Albifimbria viridis","SPECIES",99,"EXACT","Fungi","Ascomycota","Sordariomycetes","Hypocreales","Stachybotryaceae","Albifimbria","Albifimbria viridis","409","Presence"
"Acacia mangium","SPECIES",99,"EXACT","Plantae","Tracheophyta","Magnoliopsida","Fabales","Fabaceae","Acacia","Acacia mangium","308","Presence"
"Ceratocystis fimbriata","SPECIES",97,"EXACT","Fungi","Ascomycota","Sordariomycetes","Microascales","Ceratocystidaceae","Ceratocystis","Ceratocystis fimbriata","308","Presence"
"Ascomycota","PHYLUM",96,"EXACT","Fungi","Ascomycota",NA,NA,NA,NA,NA,"308","Presence"
"Zygomycota","PHYLUM",94,"HIGHERRANK","Fungi","Zygomycota",NA,NA,NA,NA,NA,"308","Presence"
"Ascomycota","PHYLUM",94,"HIGHERRANK","Fungi","Ascomycota",NA,NA,NA,NA,NA,"308","Presence"
"Nigrospora","GENUS",94,"HIGHERRANK","Fungi","Ascomycota","Sordariomycetes","Trichosphaeriales","Trichosphaeriaceae","Nigrospora",NA,"308","Presence"
"Pestalotiopsis","GENUS",94,"HIGHERRANK","Fungi","Ascomycota","Sordariomycetes","Amphisphaeriales","Pestalotiopsidaceae","Pestalotiopsis",NA,"308","Presence"
"Lasiodiplodia","GENUS",94,"HIGHERRANK","Fungi","Ascomycota","Dothideomycetes","Botryosphaeriales","Botryosphaeriaceae","Lasiodiplodia",NA,"308","Presence"
"Sordariomycetes","CLASS",96,"EXACT","Fungi","Ascomycota","Sordariomycetes",NA,NA,NA,NA,"308","Presence"
"Neopestalotiopsis","GENUS",94,"HIGHERRANK","Fungi","Ascomycota","Sordariomycetes","Amphisphaeriales","Pestalotiopsidaceae","Neopestalotiopsis",NA,"308","Presence"
"Pseudopestalotiopsis","GENUS",94,"HIGHERRANK","Fungi","Ascomycota","Sordariomycetes","Amphisphaeriales","Pestalotiopsidaceae","Pseudopestalotiopsis",NA,"308","Presence"
"Eutiarosporella","GENUS",94,"HIGHERRANK","Fungi","Ascomycota","Dothideomycetes","Botryosphaeriales","Botryosphaeriaceae","Eutiarosporella",NA,"308","Presence"
"Curvularia","GENUS",94,"HIGHERRANK","Fungi","Ascomycota","Dothideomycetes","Pleosporales","Pleosporaceae","Curvularia",NA,"308","Presence"
"Fusarium","GENUS",94,"HIGHERRANK","Fungi","Ascomycota","Sordariomycetes","Hypocreales","Nectriaceae","Fusarium",NA,"308","Presence"
"Ascomycota","PHYLUM",92,"HIGHERRANK","Fungi","Ascomycota",NA,NA,NA,NA,NA,"308","Presence"
"Hypoxylon","GENUS",92,"HIGHERRANK","Fungi","Ascomycota","Sordariomycetes","Xylariales","Hypoxylaceae","Hypoxylon",NA,"308","Presence"
"Zygomycota","PHYLUM",94,"HIGHERRANK","Fungi","Zygomycota",NA,NA,NA,NA,NA,"308","Presence"
"Blakeslea","GENUS",94,"HIGHERRANK","Fungi","Mucoromycota","Mucoromycetes","Mucorales","Choanephoraceae","Blakeslea",NA,"308","Presence"
"Trichoderma koningiopsis","SPECIES",99,"EXACT","Fungi","Ascomycota","Sordariomycetes","Hypocreales","Hypocreaceae","Trichoderma","Trichoderma koningiopsis","308","Presence"
"Nigrospora oryzae","SPECIES",99,"EXACT","Fungi","Ascomycota","Sordariomycetes","Trichosphaeriales","Trichosphaeriaceae","Nigrospora","Nigrospora oryzae","308","Presence"
"Lasiodiplodia","GENUS",94,"HIGHERRANK","Fungi","Ascomycota","Dothideomycetes","Botryosphaeriales","Botryosphaeriaceae","Lasiodiplodia",NA,"308","Presence"
"Trichoderma eijii","SPECIES",84,"FUZZY","Fungi","Ascomycota","Sordariomycetes","Hypocreales","Hypocreaceae","Trichoderma","Trichoderma eijii","308","Presence"
"Ascomycota","PHYLUM",94,"HIGHERRANK","Fungi","Ascomycota",NA,NA,NA,NA,NA,"278","Presence"
"Basidiomycota","PHYLUM",94,"HIGHERRANK","Fungi","Basidiomycota",NA,NA,NA,NA,NA,"278","Presence"
"Chytridiomycota","PHYLUM",96,"EXACT","Fungi","Chytridiomycota",NA,NA,NA,NA,NA,"278","Presence"
"Helotiales","ORDER",94,"HIGHERRANK","Fungi","Ascomycota","Leotiomycetes","Helotiales",NA,NA,NA,"278","Presence"
"Pleosporales","ORDER",94,"HIGHERRANK","Fungi","Ascomycota","Dothideomycetes","Pleosporales",NA,NA,NA,"278","Presence"
"Capnodiales","ORDER",94,"EXACT","Fungi","Ascomycota","Dothideomycetes","Capnodiales",NA,NA,NA,"278","Presence"
"Tremellales","ORDER",94,"HIGHERRANK","Fungi","Basidiomycota","Tremellomycetes","Tremellales",NA,NA,NA,"278","Presence"
"Rhizosphaera","GENUS",94,"HIGHERRANK","Fungi","Ascomycota","Dothideomycetes","Venturiales","Venturiaceae","Rhizosphaera",NA,"278","Presence"
"Mycopappus","GENUS",94,"HIGHERRANK","Fungi","Ascomycota","Leotiomycetes","Helotiales","Sclerotiniaceae","Mycopappus",NA,"278","Presence"
"Melampsora","GENUS",94,"HIGHERRANK","Fungi","Basidiomycota","Pucciniomycetes","Pucciniales","Melampsoraceae","Melampsora",NA,"278","Presence"
"Phaeosphaeria","GENUS",94,"HIGHERRANK","Fungi","Ascomycota","Dothideomycetes","Pleosporales","Phaeosphaeriaceae","Phaeosphaeria",NA,"278","Presence"
"Mrakia","GENUS",94,"HIGHERRANK","Fungi","Basidiomycota","Tremellomycetes","Cystofilobasidiales","Mrakiaceae","Mrakia",NA,"278","Presence"
"Leptosphaeria","GENUS",94,"HIGHERRANK","Fungi","Ascomycota","Dothideomycetes","Pleosporales","Leptosphaeriaceae","Leptosphaeria",NA,"278","Presence"
"Catharanthus roseus","SPECIES",99,"EXACT","Plantae","Tracheophyta","Magnoliopsida","Gentianales","Apocynaceae","Catharanthus","Catharanthus roseus","537","Presence"
"Colletotrichum","GENUS",94,"HIGHERRANK","Fungi","Ascomycota","Sordariomycetes","Glomerellales","Glomerellaceae","Colletotrichum",NA,"537","Presence"
"Alternaria","GENUS",94,"EXACT","Fungi","Ascomycota","Dothideomycetes","Pleosporales","Pleosporaceae","Alternaria",NA,"537","Presence"
"Chaetomium","GENUS",94,"HIGHERRANK","Fungi","Ascomycota","Sordariomycetes","Sordariales","Chaetomiaceae","Chaetomium",NA,"537","Presence"
"Assay","GENUS",94,"HIGHERRANK","Plantae","Tracheophyta","Liliopsida","Poales","Poaceae","Assay",NA,"537","Presence"
"Cephalotaxus","GENUS",94,"HIGHERRANK","Plantae","Tracheophyta","Pinopsida","Pinales","Cephalotaxaceae","Cephalotaxus",NA,"424","Presence"
"Cephalotaxus","GENUS",94,"HIGHERRANK","Plantae","Tracheophyta","Pinopsida","Pinales","Cephalotaxaceae","Cephalotaxus",NA,"424","Presence"
"Cephalotaxus hainanensis","SPECIES",99,"EXACT","Plantae","Tracheophyta","Pinopsida","Pinales","Cephalotaxaceae","Cephalotaxus","Cephalotaxus hainanensis","424","Presence"
"Alternaria tenuissima","SPECIES",92,"FUZZY","Fungi","Ascomycota","Dothideomycetes","Pleosporales","Pleosporaceae","Alternaria","Alternaria tenuissima","424","Presence"
"Alternaria panax","SPECIES",99,"EXACT","Fungi","Ascomycota","Dothideomycetes","Pleosporales","Pleosporaceae","Alternaria","Alternaria panax","880","Presence"
"Panax","GENUS",92,"HIGHERRANK","Plantae","Tracheophyta","Magnoliopsida","Apiales","Araliaceae","Panax",NA,"880","Presence"
"Botrytis cinerea","SPECIES",98,"EXACT","Fungi","Ascomycota","Leotiomycetes","Helotiales","Sclerotiniaceae","Botrytis","Botrytis cinerea","880","Presence"
"Rhizoctonia solani","SPECIES",99,"EXACT","Fungi","Basidiomycota","Agaricomycetes","Cantharellales","Ceratobasidiaceae","Rhizoctonia","Rhizoctonia solani","880","Presence"
"Colletotrichum pisi","SPECIES",99,"EXACT","Fungi","Ascomycota","Sordariomycetes","Glomerellales","Glomerellaceae","Colletotrichum","Colletotrichum pisi","880","Presence"
"Fusarium oxysporum","SPECIES",99,"EXACT","Fungi","Ascomycota","Sordariomycetes","Hypocreales","Nectriaceae","Fusarium","Fusarium oxysporum","880","Presence"
"Fusarium solani","SPECIES",97,"EXACT","Fungi","Ascomycota","Sordariomycetes","Hypocreales","Nectriaceae","Fusarium","Fusarium solani","880","Presence"
"Arabidopsis","GENUS",94,"HIGHERRANK","Plantae","Tracheophyta","Magnoliopsida","Brassicales","Brassicaceae","Arabidopsis",NA,"880","Presence"
