"canonicalName","rank","confidence","matchType","kingdom","phylum","class","order","family","genus","species","kingdomKey","phylumKey","classKey","orderKey","familyKey","genusKey","speciesKey","id","predicted_label"
"Cordia dichotoma","SPECIES",97,"EXACT","Plantae","Tracheophyta","Magnoliopsida","Boraginales","Cordiaceae","Cordia","Cordia dichotoma","6","7707728","220","7226464","4930453","2900865","5341270","415","Presence"
"Asteraceae","FAMILY",92,"HIGHERRANK","Plantae","Tracheophyta","Magnoliopsida","Asterales","Asteraceae",NA,NA,"6","7707728","220","414","3065",NA,NA,"415","Presence"
"Pestalotiopsis microspora","SPECIES",97,"EXACT","Fungi","Ascomycota","Sordariomycetes","Amphisphaeriales","Pestalotiopsidaceae","Pestalotiopsis","Pestalotiopsis microspora","5","95","320","9705438","9649543","2574855","2574966","415","Presence"
"Microspora","GENUS",94,"EXACT","Plantae","Chlorophyta","Chlorophyceae","Sphaeropleales","Microsporaceae","Microspora",NA,"6","36","329","7429582","8797","2639650",NA,"415","Presence"
"Asteraceae","FAMILY",92,"HIGHERRANK","Plantae","Tracheophyta","Magnoliopsida","Asterales","Asteraceae",NA,NA,"6","7707728","220","414","3065",NA,NA,"415","Presence"
"Microspora","GENUS",94,"HIGHERRANK","Plantae","Chlorophyta","Chlorophyceae","Sphaeropleales","Microsporaceae","Microspora",NA,"6","36","329","7429582","8797","2639650",NA,"415","Presence"
"Microspora","GENUS",94,"EXACT","Plantae","Chlorophyta","Chlorophyceae","Sphaeropleales","Microsporaceae","Microspora",NA,"6","36","329","7429582","8797","2639650",NA,"415","Presence"
"Phyllanthus niruri","SPECIES",97,"EXACT","Plantae","Tracheophyta","Magnoliopsida","Malpighiales","Phyllanthaceae","Phyllanthus","Phyllanthus niruri","6","7707728","220","1414","8807","3061139","5381945","179","Presence"
"Assay","GENUS",94,"EXACT","Plantae","Tracheophyta","Liliopsida","Poales","Poaceae","Assay",NA,"6","7707728","196","1369","3073","11123265",NA,"179","Presence"
"Assay","GENUS",94,"HIGHERRANK","Plantae","Tracheophyta","Liliopsida","Poales","Poaceae","Assay",NA,"6","7707728","196","1369","3073","11123265",NA,"179","Presence"
"Lafoensia pacari","SPECIES",99,"EXACT","Plantae","Tracheophyta","Magnoliopsida","Myrtales","Lythraceae","Lafoensia","Lafoensia pacari","6","7707728","220","690","6684","7286250","7469490","526","Presence"
"Guazuma ulmifolia","SPECIES",98,"EXACT","Plantae","Tracheophyta","Magnoliopsida","Malvales","Malvaceae","Guazuma","Guazuma ulmifolia","6","7707728","220","941","6685","3152194","3152195","526","Presence"
"Campomanesia xanthocarpa","SPECIES",99,"EXACT","Plantae","Tracheophyta","Magnoliopsida","Myrtales","Myrtaceae","Campomanesia","Campomanesia xanthocarpa","6","7707728","220","690","5014","3180879","3181064","526","Presence"
"Siparuna guianensis","SPECIES",99,"EXACT","Plantae","Tracheophyta","Magnoliopsida","Laurales","Siparunaceae","Siparuna","Siparuna guianensis","6","7707728","220","407","4893899","7264484","7264535","526","Presence"
"Colletotrichum","GENUS",94,"HIGHERRANK","Fungi","Ascomycota","Sordariomycetes","Glomerellales","Glomerellaceae","Colletotrichum",NA,"5","95","320","9705517","2461","2563219",NA,"526","Presence"
"Diaporthe","GENUS",94,"HIGHERRANK","Fungi","Ascomycota","Sordariomycetes","Diaporthales","Diaporthaceae","Diaporthe",NA,"5","95","320","1289","4146","2566075",NA,"526","Presence"
"Bjerkandera","GENUS",94,"HIGHERRANK","Fungi","Basidiomycota","Agaricomycetes","Polyporales","Phanerochaetaceae","Bjerkandera",NA,"5","34","186","1145","7617","2541138",NA,"526","Presence"
"Talaromyces","GENUS",94,"HIGHERRANK","Fungi","Ascomycota","Eurotiomycetes","Eurotiales","Aspergillaceae","Talaromyces",NA,"5","95","178","1040","3563703","2598197",NA,"526","Presence"
"Cochliobolus","GENUS",94,"HIGHERRANK","Fungi","Ascomycota","Dothideomycetes","Pleosporales","Pleosporaceae","Cochliobolus",NA,"5","95","183","1047","8315","2615883",NA,"526","Presence"
"Phaeophlebiopsis","GENUS",94,"HIGHERRANK","Fungi","Basidiomycota","Agaricomycetes","Polyporales","Phanerochaetaceae","Phaeophlebiopsis",NA,"5","34","186","1145","7617","8004736",NA,"526","Presence"
"Curvularia","GENUS",94,"EXACT","Fungi","Ascomycota","Dothideomycetes","Pleosporales","Pleosporaceae","Curvularia",NA,"5","95","183","1047","8315","2569225",NA,"526","Presence"
"Talaromyces","GENUS",94,"HIGHERRANK","Fungi","Ascomycota","Eurotiomycetes","Eurotiales","Aspergillaceae","Talaromyces",NA,"5","95","178","1040","3563703","2598197",NA,"526","Presence"
"Huperzia serrata","SPECIES",97,"EXACT","Plantae","Tracheophyta","Lycopodiopsida","Lycopodiales","Lycopodiaceae","Huperzia","Huperzia serrata","6","7707728","245","421","6725","2688450","2688470","195","Presence"
"Derxomyces","GENUS",94,"HIGHERRANK","Fungi","Basidiomycota","Tremellomycetes","Tremellales","Bulleribasidiaceae","Derxomyces",NA,"5","34","149","1123","9675359","7239011",NA,"195","Presence"
"Lophiostoma","GENUS",94,"HIGHERRANK","Fungi","Ascomycota","Dothideomycetes","Pleosporales","Lophiostomataceae","Lophiostoma",NA,"5","95","183","1047","4819","2568038",NA,"195","Presence"
"Cyphellophora","GENUS",94,"HIGHERRANK","Fungi","Ascomycota","Eurotiomycetes","Chaetothyriales","Cyphellophoraceae","Cyphellophora",NA,"5","95","178","1038","7726465","2562461",NA,"195","Presence"
"Serendipita","GENUS",94,"HIGHERRANK","Fungi","Basidiomycota","Agaricomycetes","Sebacinales","Serendipitaceae","Serendipita",NA,"5","34","186","531","9760082","7872390",NA,"195","Presence"
"Kurtzmanomyces","GENUS",94,"HIGHERRANK","Fungi","Basidiomycota","Agaricostilbomycetes","Agaricostilbales","Chionosphaeraceae","Kurtzmanomyces",NA,"5","34","274","1143","3275","2556526",NA,"195","Presence"
"Mycosphaerella","GENUS",94,"HIGHERRANK","Fungi","Ascomycota","Dothideomycetes","Mycosphaerellales","Mycosphaerellaceae","Mycosphaerella",NA,"5","95","183","9783671","4797","2569921",NA,"195","Presence"
"Conoideocrella","GENUS",94,"HIGHERRANK","Fungi","Ascomycota","Sordariomycetes","Hypocreales","Clavicipitaceae","Conoideocrella",NA,"5","95","320","1290","8417","3449782",NA,"195","Presence"
"Brevicellicium","GENUS",94,"HIGHERRANK","Fungi","Basidiomycota","Agaricomycetes","Trechisporales","Hydnodontaceae","Brevicellicium",NA,"5","34","186","529","3276","2523041",NA,"195","Presence"
"Piskurozyma","GENUS",94,"EXACT","Fungi","Basidiomycota","Tremellomycetes","Filobasidiales","Piskurozymaceae","Piskurozyma",NA,"5","34","149","1124","9806922","9255316",NA,"195","Presence"
"Trichomerium","GENUS",94,"HIGHERRANK","Fungi","Ascomycota","Eurotiomycetes","Chaetothyriales","Trichomeriaceae","Trichomerium",NA,"5","95","178","1038","7961365","2619946",NA,"195","Presence"
"Derxomyces","GENUS",94,"HIGHERRANK","Fungi","Basidiomycota","Tremellomycetes","Tremellales","Bulleribasidiaceae","Derxomyces",NA,"5","34","149","1123","9675359","7239011",NA,"195","Presence"
"Trichomerium","GENUS",94,"HIGHERRANK","Fungi","Ascomycota","Eurotiomycetes","Chaetothyriales","Trichomeriaceae","Trichomerium",NA,"5","95","178","1038","7961365","2619946",NA,"195","Presence"
"Zataria multiflora","SPECIES",95,"FUZZY","Plantae","Tracheophyta","Magnoliopsida","Lamiales","Lamiaceae","Zataria","Zataria multiflora","6","7707728","220","408","2497","7308841","3899656","938","Other"
"Mycelium","GENUS",94,"EXACT","Fungi","Basidiomycota",NA,NA,NA,"Mycelium",NA,"5","34",NA,NA,NA,"7238668",NA,"938","Other"
"Sclerocarya birrea","SPECIES",97,"EXACT","Plantae","Tracheophyta","Magnoliopsida","Sapindales","Anacardiaceae","Sclerocarya","Sclerocarya birrea","6","7707728","220","933","2398","3190604","7160810","818","Presence"
"Hypoxis","GENUS",92,"HIGHERRANK","Plantae","Tracheophyta","Liliopsida","Asparagales","Hypoxidaceae","Hypoxis",NA,"6","7707728","196","1169","7686","2740390",NA,"818","Presence"
"Alternaria alternata","SPECIES",99,"EXACT","Fungi","Ascomycota","Dothideomycetes","Pleosporales","Pleosporaceae","Alternaria","Alternaria alternata","5","95","183","1047","8315","7388975","2616163","818","Presence"
"Hypoxis","GENUS",92,"HIGHERRANK","Plantae","Tracheophyta","Liliopsida","Asparagales","Hypoxidaceae","Hypoxis",NA,"6","7707728","196","1169","7686","2740390",NA,"818","Presence"
"Epichloe","GENUS",94,"HIGHERRANK","Fungi","Ascomycota","Sordariomycetes","Hypocreales","Clavicipitaceae","Epichloe",NA,"5","95","320","1290","8417","7903719",NA,"118","Presence"
"Hordeum bogdanii","SPECIES",99,"EXACT","Plantae","Tracheophyta","Liliopsida","Poales","Poaceae","Hordeum","Hordeum bogdanii","6","7707728","196","1369","3073","2706050","4932614","118","Presence"
"Epichloe","GENUS",94,"HIGHERRANK","Fungi","Ascomycota","Sordariomycetes","Hypocreales","Clavicipitaceae","Epichloe",NA,"5","95","320","1290","8417","7903719",NA,"118","Presence"
"Epichloe bromicola","SPECIES",99,"EXACT","Fungi","Ascomycota","Sordariomycetes","Hypocreales","Clavicipitaceae","Epichloe","Epichloe bromicola","5","95","320","1290","8417","7903719","3449875","118","Presence"
"Coffea arabica","SPECIES",98,"EXACT","Plantae","Tracheophyta","Magnoliopsida","Gentianales","Rubiaceae","Coffea","Coffea arabica","6","7707728","220","412","8798","2895315","2895345","299","Presence"
"Periconia atropurpurea","SPECIES",99,"EXACT","Fungi","Ascomycota","Dothideomycetes","Pleosporales","Periconiaceae","Periconia","Periconia atropurpurea","5","95","183","1047","3305389","2558252","2615376","229","Presence"
"Paris polyphylla","SPECIES",99,"EXACT","Plantae","Tracheophyta","Liliopsida","Liliales","Melanthiaceae","Paris","Paris polyphylla","6","7707728","196","1172","7700","2741835","5295929","244","Presence"
"Yunnanensis","GENUS",94,"HIGHERRANK","Fungi","Ascomycota","Dothideomycetes","Pleosporales","Phaeosphaeriaceae","Yunnanensis",NA,"5","95","183","1047","8312","10670053",NA,"244","Presence"
"Fusarium","GENUS",94,"HIGHERRANK","Fungi","Ascomycota","Sordariomycetes","Hypocreales","Nectriaceae","Fusarium",NA,"5","95","320","1290","4152","2554026",NA,"244","Presence"
"Gliocladiopsis","GENUS",94,"HIGHERRANK","Fungi","Ascomycota","Sordariomycetes","Hypocreales","Nectriaceae","Gliocladiopsis",NA,"5","95","320","1290","4152","8218230",NA,"244","Presence"
"Gliomastix","GENUS",94,"HIGHERRANK","Fungi","Ascomycota","Sordariomycetes","Hypocreales","Bionectriaceae","Gliomastix",NA,"5","95","320","1290","8416","2562217",NA,"244","Presence"
"Cylindrocarpon","GENUS",94,"HIGHERRANK","Fungi","Ascomycota","Sordariomycetes","Hypocreales","Nectriaceae","Cylindrocarpon",NA,"5","95","320","1290","4152","2563163",NA,"244","Presence"
"Fusarium","GENUS",94,"EXACT","Fungi","Ascomycota","Sordariomycetes","Hypocreales","Nectriaceae","Fusarium",NA,"5","95","320","1290","4152","2554026",NA,"244","Presence"
"Gliocladiopsis irregularis","SPECIES",99,"EXACT","Fungi","Ascomycota","Sordariomycetes","Hypocreales","Nectriaceae","Gliocladiopsis","Gliocladiopsis irregularis","5","95","320","1290","4152","8218230","2563093","244","Presence"
"Plectosphaerella cucumerina","SPECIES",99,"EXACT","Fungi","Ascomycota","Sordariomycetes","Glomerellales","Plectosphaerellaceae","Plectosphaerella","Plectosphaerella cucumerina","5","95","320","9705517","5729","2574420","5254402","244","Presence"
"Aspergillus fumigatus","SPECIES",99,"EXACT","Fungi","Ascomycota","Eurotiomycetes","Eurotiales","Aspergillaceae","Aspergillus","Aspergillus fumigatus","5","95","178","1040","3563703","8884233","5260010","244","Presence"
"Cylindrocarpon","GENUS",94,"EXACT","Fungi","Ascomycota","Sordariomycetes","Hypocreales","Nectriaceae","Cylindrocarpon",NA,"5","95","320","1290","4152","2563163",NA,"244","Presence"
"Pestalotiopsis microspora","SPECIES",97,"EXACT","Fungi","Ascomycota","Sordariomycetes","Amphisphaeriales","Pestalotiopsidaceae","Pestalotiopsis","Pestalotiopsis microspora","5","95","320","9705438","9649543","2574855","2574966","374","Presence"
"Microspora","GENUS",94,"EXACT","Plantae","Chlorophyta","Chlorophyceae","Sphaeropleales","Microsporaceae","Microspora",NA,"6","36","329","7429582","8797","2639650",NA,"374","Presence"
"Candida albicans","SPECIES",99,"EXACT","Fungi","Ascomycota","Saccharomycetes","Saccharomycetales","Debaryomycetaceae","Candida","Candida albicans","5","95","182","1281","5893341","2518121","2599597","374","Presence"
"Penicillium mariae-crucis","SPECIES",99,"EXACT","Fungi","Ascomycota","Eurotiomycetes","Eurotiales","Aspergillaceae","Penicillium","Penicillium mariae-crucis","5","95","178","1040","3563703","7635114","2598030","665","Presence"
"Paeonia lactiflora","SPECIES",99,"EXACT","Plantae","Tracheophyta","Magnoliopsida","Saxifragales","Paeoniaceae","Paeonia","Paeonia lactiflora","6","7707728","220","7219248","6711","3083483","3083486","665","Presence"
"Pestalotiopsis adusta","SPECIES",99,"EXACT","Fungi","Ascomycota","Sordariomycetes","Amphisphaeriales","Pestalotiopsidaceae","Pestalotiopsis","Pestalotiopsis adusta","5","95","320","9705438","9649543","2574855","2574898","602","Presence"
"Clerodendrum canescens","SPECIES",98,"EXACT","Plantae","Tracheophyta","Magnoliopsida","Lamiales","Lamiaceae","Clerodendrum","Clerodendrum canescens","6","7707728","220","408","2497","2925347","8014461","602","Presence"
"Pestalotiopsis","GENUS",94,"HIGHERRANK","Fungi","Ascomycota","Sordariomycetes","Amphisphaeriales","Pestalotiopsidaceae","Pestalotiopsis",NA,"5","95","320","9705438","9649543","2574855",NA,"602","Presence"
"Euphorbia royleana","SPECIES",99,"EXACT","Plantae","Tracheophyta","Magnoliopsida","Malpighiales","Euphorbiaceae","Euphorbia","Euphorbia royleana","6","7707728","220","1414","4691","11397237","3065786","768","Presence"
"Hyalodendriella","GENUS",94,"HIGHERRANK","Fungi","Ascomycota","Leotiomycetes","Helotiales","Hamatocanthoscyphaceae","Hyalodendriella",NA,"5","95","179","1052","10727424","2584416",NA,"709","Presence"
"Nerium oleander","SPECIES",99,"EXACT","Plantae","Tracheophyta","Magnoliopsida","Gentianales","Apocynaceae","Nerium","Nerium oleander","6","7707728","220","412","6701","3169755","3169756","91","Presence"
"Apocynaceae","FAMILY",96,"EXACT","Plantae","Tracheophyta","Magnoliopsida","Gentianales","Apocynaceae",NA,NA,"6","7707728","220","412","6701",NA,NA,"91","Presence"
"Chaetomium","GENUS",94,"HIGHERRANK","Fungi","Ascomycota","Sordariomycetes","Sordariales","Chaetomiaceae","Chaetomium",NA,"5","95","320","1061","8433","2560820",NA,"91","Presence"
"Lamiaceae","FAMILY",94,"HIGHERRANK","Plantae","Tracheophyta","Magnoliopsida","Lamiales","Lamiaceae",NA,NA,"6","7707728","220","408","2497",NA,NA,"953","Review"
"Salvia","GENUS",94,"HIGHERRANK","Plantae","Tracheophyta","Magnoliopsida","Lamiales","Lamiaceae","Salvia",NA,"6","7707728","220","408","2497","2926981",NA,"953","Review"
"Aloe vera","SPECIES",97,"EXACT","Plantae","Tracheophyta","Liliopsida","Asparagales","Asphodelaceae","Aloe","Aloe vera","6","7707728","196","1169","4259209","2770879","2777724","348","Presence"
"Preussia africana","SPECIES",99,"EXACT","Fungi","Ascomycota","Dothideomycetes","Pleosporales","Sporormiaceae","Preussia","Preussia africana","5","95","183","1047","4822","6587163","5510661","348","Presence"
"Sporormiaceae","FAMILY",96,"EXACT","Fungi","Ascomycota","Dothideomycetes","Pleosporales","Sporormiaceae",NA,NA,"5","95","183","1047","4822",NA,NA,"348","Presence"
"Suaeda","GENUS",94,"HIGHERRANK","Plantae","Tracheophyta","Magnoliopsida","Caryophyllales","Amaranthaceae","Suaeda",NA,"6","7707728","220","422","3064","7677792",NA,"649","Presence"
"Alternaria","GENUS",94,"HIGHERRANK","Fungi","Ascomycota","Dothideomycetes","Pleosporales","Pleosporaceae","Alternaria",NA,"5","95","183","1047","8315","7388975",NA,"649","Presence"
"Ascomycota","PHYLUM",92,"HIGHERRANK","Fungi","Ascomycota",NA,NA,NA,NA,NA,"5","95",NA,NA,NA,NA,NA,"649","Presence"
"Phyla","GENUS",94,"HIGHERRANK","Plantae","Tracheophyta","Magnoliopsida","Lamiales","Verbenaceae","Phyla",NA,"6","7707728","220","408","6689","2925404",NA,"355","Review"
"Mucoromycota","PHYLUM",94,"HIGHERRANK","Fungi","Mucoromycota",NA,NA,NA,NA,NA,"5","12238325",NA,NA,NA,NA,NA,"355","Review"
"Basidiomycota","PHYLUM",96,"EXACT","Fungi","Basidiomycota",NA,NA,NA,NA,NA,"5","34",NA,NA,NA,NA,NA,"355","Review"
"Ascomycota","PHYLUM",94,"HIGHERRANK","Fungi","Ascomycota",NA,NA,NA,NA,NA,"5","95",NA,NA,NA,NA,NA,"355","Review"
"Agaricomycetes","CLASS",94,"HIGHERRANK","Fungi","Basidiomycota","Agaricomycetes",NA,NA,NA,NA,"5","34","186",NA,NA,NA,NA,"355","Review"
"Eurotiomycetes","CLASS",94,"HIGHERRANK","Fungi","Ascomycota","Eurotiomycetes",NA,NA,NA,NA,"5","95","178",NA,NA,NA,NA,"355","Review"
"Saccharomycetes","CLASS",96,"EXACT","Fungi","Ascomycota","Saccharomycetes",NA,NA,NA,NA,"5","95","182",NA,NA,NA,NA,"355","Review"
"Sordariomycetes","CLASS",94,"HIGHERRANK","Fungi","Ascomycota","Sordariomycetes",NA,NA,NA,NA,"5","95","320",NA,NA,NA,NA,"355","Review"
"Chaetomium","GENUS",94,"HIGHERRANK","Fungi","Ascomycota","Sordariomycetes","Sordariales","Chaetomiaceae","Chaetomium",NA,"5","95","320","1061","8433","2560820",NA,"355","Review"
"Fusarium","GENUS",94,"HIGHERRANK","Fungi","Ascomycota","Sordariomycetes","Hypocreales","Nectriaceae","Fusarium",NA,"5","95","320","1290","4152","2554026",NA,"355","Review"
"Gaeumannomyces","GENUS",94,"HIGHERRANK","Fungi","Ascomycota","Sordariomycetes","Magnaporthales","Magnaporthaceae","Gaeumannomyces",NA,"5","95","320","7889691","5731","2569283",NA,"355","Review"
"Metarhizium","GENUS",94,"HIGHERRANK","Fungi","Ascomycota","Sordariomycetes","Hypocreales","Clavicipitaceae","Metarhizium",NA,"5","95","320","1290","8417","2562464",NA,"355","Review"
"Microsphaeropsis","GENUS",94,"HIGHERRANK","Fungi","Ascomycota","Dothideomycetes","Pleosporales","Didymellaceae","Microsphaeropsis",NA,"5","95","183","1047","3281822","3269376",NA,"355","Review"
"Paecilomyces penicillatus","SPECIES",93,"FUZZY","Fungi","Ascomycota","Eurotiomycetes","Eurotiales","Aspergillaceae","Paecilomyces","Paecilomyces penicillatus","5","95","178","1040","3563703","2560478","2598166","355","Review"
"Ascomycota","PHYLUM",92,"HIGHERRANK","Fungi","Ascomycota",NA,NA,NA,NA,NA,"5","95",NA,NA,NA,NA,NA,"355","Review"
"Talaromyces","GENUS",94,"HIGHERRANK","Fungi","Ascomycota","Eurotiomycetes","Eurotiales","Aspergillaceae","Talaromyces",NA,"5","95","178","1040","3563703","2598197",NA,"355","Review"
"Trichoderma verticillatum","SPECIES",93,"FUZZY","Fungi","Ascomycota","Sordariomycetes","Hypocreales","Hypocreaceae","Trichoderma","Trichoderma verticillatum","5","95","320","1290","8419","7703803","9710450","355","Review"
"Verticillium","GENUS",94,"EXACT","Fungi","Ascomycota","Sordariomycetes","Glomerellales","Plectosphaerellaceae","Verticillium",NA,"5","95","320","9705517","5729","9535878",NA,"355","Review"
"Xylaria","GENUS",92,"HIGHERRANK","Fungi","Ascomycota","Sordariomycetes","Xylariales","Xylariaceae","Xylaria",NA,"5","95","320","1298","4168","2568748",NA,"355","Review"
"Pestalotiopsis fici","SPECIES",99,"EXACT","Fungi","Ascomycota","Sordariomycetes","Amphisphaeriales","Pestalotiopsidaceae","Pestalotiopsis","Pestalotiopsis fici","5","95","320","9705438","9649543","2574855","2574951","840","Presence"
"Alternaria alternata","SPECIES",99,"EXACT","Fungi","Ascomycota","Dothideomycetes","Pleosporales","Pleosporaceae","Alternaria","Alternaria alternata","5","95","183","1047","8315","7388975","2616163","519","Presence"
"Cladosporium herbarum","SPECIES",97,"EXACT","Fungi","Ascomycota","Dothideomycetes","Capnodiales","Cladosporiaceae","Cladosporium","Cladosporium herbarum","5","95","183","1262","3563987","2518208","2620585","519","Presence"
"Epicoccum nigrum","SPECIES",97,"EXACT","Fungi","Ascomycota","Dothideomycetes","Pleosporales","Didymellaceae","Epicoccum","Epicoccum nigrum","5","95","183","1047","3281822","2562153","2617206","519","Presence"
"Ascomycota","PHYLUM",92,"HIGHERRANK","Fungi","Ascomycota",NA,NA,NA,NA,NA,"5","95",NA,NA,NA,NA,NA,"519","Presence"
"Fusarium graminearum","SPECIES",99,"EXACT","Fungi","Ascomycota","Sordariomycetes","Hypocreales","Nectriaceae","Fusarium","Fusarium graminearum","5","95","320","1290","4152","2554026","5251676","519","Presence"
"Siraitia grosvenorii","SPECIES",97,"EXACT","Plantae","Tracheophyta","Magnoliopsida","Cucurbitales","Cucurbitaceae","Siraitia","Siraitia grosvenorii","6","7707728","220","7224005","6634","7317580","3623059","426","Presence"
"Fusarium solani","SPECIES",97,"EXACT","Fungi","Ascomycota","Sordariomycetes","Hypocreales","Nectriaceae","Fusarium","Fusarium solani","5","95","320","1290","4152","2554026","9581851","426","Presence"
"Trichoderma eijii","SPECIES",84,"FUZZY","Fungi","Ascomycota","Sordariomycetes","Hypocreales","Hypocreaceae","Trichoderma","Trichoderma eijii","5","95","320","1290","8419","7703803","7504216","766","Presence"
"Amaranthaceae","FAMILY",96,"EXACT","Plantae","Tracheophyta","Magnoliopsida","Caryophyllales","Amaranthaceae",NA,NA,"6","7707728","220","422","3064",NA,NA,"211","Presence"
"Cochliobolus","GENUS",94,"HIGHERRANK","Fungi","Ascomycota","Dothideomycetes","Pleosporales","Pleosporaceae","Cochliobolus",NA,"5","95","183","1047","8315","2615883",NA,"211","Presence"
"Assay","GENUS",94,"EXACT","Plantae","Tracheophyta","Liliopsida","Poales","Poaceae","Assay",NA,"6","7707728","196","1369","3073","11123265",NA,"211","Presence"
"Assay","GENUS",94,"HIGHERRANK","Plantae","Tracheophyta","Liliopsida","Poales","Poaceae","Assay",NA,"6","7707728","196","1369","3073","11123265",NA,"211","Presence"
"Aspergillus nidulans","SPECIES",99,"EXACT","Fungi","Ascomycota","Eurotiomycetes","Eurotiales","Aspergillaceae","Aspergillus","Aspergillus nidulans","5","95","178","1040","3563703","8884233","5260160","932","Presence"
"Rhizophora stylosa","SPECIES",99,"EXACT","Plantae","Tracheophyta","Magnoliopsida","Malpighiales","Rhizophoraceae","Rhizophora","Rhizophora stylosa","6","7707728","220","1414","6671","3086525","3874022","932","Presence"
"Neotyphodium","GENUS",94,"HIGHERRANK","Fungi","Ascomycota","Sordariomycetes","Hypocreales","Clavicipitaceae","Neotyphodium",NA,"5","95","320","1290","8417","2562666",NA,"590","Presence"
"Stagonospora","GENUS",94,"EXACT","Fungi","Ascomycota","Dothideomycetes","Pleosporales","Phaeosphaeriaceae","Stagonospora",NA,"5","95","183","1047","8312","2580917",NA,"590","Presence"
"Pinus tabuliformis","SPECIES",93,"FUZZY","Plantae","Tracheophyta","Pinopsida","Pinales","Pinaceae","Pinus","Pinus tabuliformis","6","7707728","194","640","3925","2684241","5285359","555","Presence"
"Alternaria alternata","SPECIES",99,"EXACT","Fungi","Ascomycota","Dothideomycetes","Pleosporales","Pleosporaceae","Alternaria","Alternaria alternata","5","95","183","1047","8315","7388975","2616163","555","Presence"
"Leptostroma","GENUS",94,"HIGHERRANK","Fungi","Ascomycota","Leotiomycetes","Rhytismatales","Rhytismataceae","Leptostroma",NA,"5","95","179","1278","8281","2517000",NA,"555","Presence"
"Pestalotiopsis besseyi","SPECIES",99,"EXACT","Fungi","Ascomycota","Sordariomycetes","Amphisphaeriales","Pestalotiopsidaceae","Pestalotiopsis","Pestalotiopsis besseyi","5","95","320","9705438","9649543","2574855","2574933","555","Presence"
"Phomopsis archeri","SPECIES",99,"EXACT","Fungi","Ascomycota","Sordariomycetes","Diaporthales","Diaporthaceae","Phomopsis","Phomopsis archeri","5","95","320","1289","4146","2577612","5253282","555","Presence"
"Oxytropis","GENUS",94,"HIGHERRANK","Plantae","Tracheophyta","Magnoliopsida","Fabales","Fabaceae","Oxytropis",NA,"6","7707728","220","1370","5386","2982894",NA,"871","Presence"
"Cephalotaxus hainanensis","SPECIES",99,"EXACT","Plantae","Tracheophyta","Pinopsida","Pinales","Cephalotaxaceae","Cephalotaxus","Cephalotaxus hainanensis","6","7707728","194","640","8143","2685260","2685278","373","Presence"
"Quercella","GENUS",94,"HIGHERRANK","Fungi","Basidiomycota","Agaricomycetes","Agaricales","Hymenogastraceae","Quercella",NA,"5","34","186","1499","3309302","8334229",NA,"373","Presence"
"Colletotrichum boninense","SPECIES",99,"EXACT","Fungi","Ascomycota","Sordariomycetes","Glomerellales","Glomerellaceae","Colletotrichum","Colletotrichum boninense","5","95","320","9705517","2461","2563219","2568785","373","Presence"
"Xylaria","GENUS",92,"HIGHERRANK","Fungi","Ascomycota","Sordariomycetes","Xylariales","Xylariaceae","Xylaria",NA,"5","95","320","1298","4168","2568748",NA,"373","Presence"
"Rhizoctonia solani","SPECIES",99,"EXACT","Fungi","Basidiomycota","Agaricomycetes","Cantharellales","Ceratobasidiaceae","Rhizoctonia","Rhizoctonia solani","5","34","186","1300","8458","8612683","2555201","373","Presence"
"Sclerotinia sclerotiorum","SPECIES",99,"EXACT","Fungi","Ascomycota","Leotiomycetes","Helotiales","Sclerotiniaceae","Sclerotinia","Sclerotinia sclerotiorum","5","95","179","1052","8385","2580402","2583154","373","Presence"
"Fusarium oxysporum","SPECIES",99,"EXACT","Fungi","Ascomycota","Sordariomycetes","Hypocreales","Nectriaceae","Fusarium","Fusarium oxysporum","5","95","320","1290","4152","2554026","5251961","373","Presence"
"Rehmannia glutinosa","SPECIES",97,"EXACT","Plantae","Tracheophyta","Magnoliopsida","Lamiales","Rehmanniaceae","Rehmannia","Rehmannia glutinosa","6","7707728","220","408","3788605","3233410","7516558","844","Presence"
"Oryza","GENUS",94,"HIGHERRANK","Plantae","Tracheophyta","Liliopsida","Poales","Poaceae","Oryza",NA,"6","7707728","196","1369","3073","2703455",NA,"844","Presence"
"Herbertus herpocladioides","SPECIES",99,"EXACT","Plantae","Marchantiophyta","Jungermanniopsida","Jungermanniales","Herbertaceae","Herbertus","Herbertus herpocladioides","6","9","126","381","2282","2689385","7878959","143","Presence"
"Alternaria citriarbusti","SPECIES",99,"EXACT","Fungi","Ascomycota","Dothideomycetes","Pleosporales","Pleosporaceae","Alternaria","Alternaria citriarbusti","5","95","183","1047","8315","7388975","3531327","143","Presence"
"Candida albicans","SPECIES",99,"EXACT","Fungi","Ascomycota","Saccharomycetes","Saccharomycetales","Debaryomycetaceae","Candida","Candida albicans","5","95","182","1281","5893341","2518121","2599597","143","Presence"
"Enhalus acoroides","SPECIES",97,"EXACT","Plantae","Tracheophyta","Liliopsida","Alismatales","Hydrocharitaceae","Enhalus","Enhalus acoroides","6","7707728","196","551","3721","2866112","2866113","544","Presence"
"Ascomycota","PHYLUM",92,"HIGHERRANK","Fungi","Ascomycota",NA,NA,NA,NA,NA,"5","95",NA,NA,NA,NA,NA,"544","Presence"
"Nigrospora","GENUS",94,"EXACT","Fungi","Ascomycota","Sordariomycetes","Trichosphaeriales","Trichosphaeriaceae","Nigrospora",NA,"5","95","320","1297","8435","8324240",NA,"544","Presence"
"Fusarium","GENUS",94,"EXACT","Fungi","Ascomycota","Sordariomycetes","Hypocreales","Nectriaceae","Fusarium",NA,"5","95","320","1290","4152","2554026",NA,"544","Presence"
"Nigrospora","GENUS",94,"HIGHERRANK","Fungi","Ascomycota","Sordariomycetes","Trichosphaeriales","Trichosphaeriaceae","Nigrospora",NA,"5","95","320","1297","8435","8324240",NA,"544","Presence"
"Microsporum gypseum","SPECIES",99,"EXACT","Fungi","Ascomycota","Eurotiomycetes","Onygenales","Arthrodermataceae","Microsporum","Microsporum gypseum","5","95","178","1041","4831","2518112","3468777","544","Presence"
"Quercus variabilis","SPECIES",99,"EXACT","Plantae","Tracheophyta","Magnoliopsida","Fagales","Fagaceae","Quercus","Quercus variabilis","6","7707728","220","1354","4689","2877951","2879787","490","Presence"
"Trichophyton rubrum","SPECIES",99,"EXACT","Fungi","Ascomycota","Eurotiomycetes","Onygenales","Arthrodermataceae","Trichophyton","Trichophyton rubrum","5","95","178","1041","4831","2595868","2596156","490","Presence"
"Candida albicans","SPECIES",99,"EXACT","Fungi","Ascomycota","Saccharomycetes","Saccharomycetales","Debaryomycetaceae","Candida","Candida albicans","5","95","182","1281","5893341","2518121","2599597","490","Presence"
"Aspergillus niger","SPECIES",99,"EXACT","Fungi","Ascomycota","Eurotiomycetes","Eurotiales","Aspergillaceae","Aspergillus","Aspergillus niger","5","95","178","1040","3563703","8884233","3465658","490","Presence"
"Epidermophyton floccosum","SPECIES",99,"EXACT","Fungi","Ascomycota","Eurotiomycetes","Onygenales","Arthrodermataceae","Epidermophyton","Epidermophyton floccosum","5","95","178","1041","4831","8308920","7252831","490","Presence"
"Microsporum canis","SPECIES",98,"EXACT","Fungi","Ascomycota","Eurotiomycetes","Onygenales","Arthrodermataceae","Microsporum","Microsporum canis","5","95","178","1041","4831","2518112","7252793","490","Presence"
"Ascomycota","PHYLUM",92,"HIGHERRANK","Fungi","Ascomycota",NA,NA,NA,NA,NA,"5","95",NA,NA,NA,NA,NA,"490","Presence"
"Alternaria","GENUS",94,"HIGHERRANK","Fungi","Ascomycota","Dothideomycetes","Pleosporales","Pleosporaceae","Alternaria",NA,"5","95","183","1047","8315","7388975",NA,"490","Presence"
"Cladosporium","GENUS",92,"HIGHERRANK","Fungi","Ascomycota","Dothideomycetes","Capnodiales","Cladosporiaceae","Cladosporium",NA,"5","95","183","1262","3563987","2518208",NA,"490","Presence"
"Aspergillus nidulans","SPECIES",99,"EXACT","Fungi","Ascomycota","Eurotiomycetes","Eurotiales","Aspergillaceae","Aspergillus","Aspergillus nidulans","5","95","178","1040","3563703","8884233","5260160","621","Presence"
"Cynanchum bungei","SPECIES",99,"EXACT","Plantae","Tracheophyta","Magnoliopsida","Gentianales","Apocynaceae","Cynanchum","Cynanchum bungei","6","7707728","220","412","6701","3170354","3581737","775","Presence"
"Cynanchum","GENUS",94,"HIGHERRANK","Plantae","Tracheophyta","Magnoliopsida","Gentianales","Apocynaceae","Cynanchum",NA,"6","7707728","220","412","6701","3170354",NA,"775","Presence"
"Fusarium","GENUS",94,"HIGHERRANK","Fungi","Ascomycota","Sordariomycetes","Hypocreales","Nectriaceae","Fusarium",NA,"5","95","320","1290","4152","2554026",NA,"775","Presence"
"Exophiala","GENUS",94,"HIGHERRANK","Fungi","Ascomycota","Eurotiomycetes","Chaetothyriales","Herpotrichiellaceae","Exophiala",NA,"5","95","178","1038","4825","2598403",NA,"775","Presence"
"Ascomycota","PHYLUM",92,"HIGHERRANK","Fungi","Ascomycota",NA,NA,NA,NA,NA,"5","95",NA,NA,NA,NA,NA,"775","Presence"
"Botryosphaeria","GENUS",94,"EXACT","Fungi","Ascomycota","Dothideomycetes","Botryosphaeriales","Botryosphaeriaceae","Botryosphaeria",NA,"5","95","183","1032","4791","7706563",NA,"775","Presence"
"Filobasidium","GENUS",94,"HIGHERRANK","Fungi","Basidiomycota","Tremellomycetes","Filobasidiales","Filobasidiaceae","Filobasidium",NA,"5","34","149","1124","7581","2518210",NA,"775","Presence"
"Ascomycota","PHYLUM",92,"HIGHERRANK","Fungi","Ascomycota",NA,NA,NA,NA,NA,"5","95",NA,NA,NA,NA,NA,"905","Presence"
"Prunus persica","SPECIES",97,"EXACT","Plantae","Tracheophyta","Magnoliopsida","Rosales","Rosaceae","Prunus","Prunus persica","6","7707728","220","691","5015","3020559","8149923","905","Presence"
"Rhizoctonia solani","SPECIES",99,"EXACT","Fungi","Basidiomycota","Agaricomycetes","Cantharellales","Ceratobasidiaceae","Rhizoctonia","Rhizoctonia solani","5","34","186","1300","8458","8612683","2555201","905","Presence"
"Globba patens","SPECIES",99,"EXACT","Plantae","Tracheophyta","Liliopsida","Zingiberales","Zingiberaceae","Globba","Globba patens","6","7707728","196","627","4687","2756692","2757951","937","Presence"
"Assay","GENUS",94,"EXACT","Plantae","Tracheophyta","Liliopsida","Poales","Poaceae","Assay",NA,"6","7707728","196","1369","3073","11123265",NA,"937","Presence"
"Colletotrichum siamense","SPECIES",99,"EXACT","Fungi","Ascomycota","Sordariomycetes","Glomerellales","Glomerellaceae","Colletotrichum","Colletotrichum siamense","5","95","320","9705517","2461","2563219","8184256","937","Presence"
"Stipa krylovii","SPECIES",99,"EXACT","Plantae","Tracheophyta","Liliopsida","Poales","Poaceae","Stipa","Stipa krylovii","6","7707728","196","1369","3073","2704463","2704472","842","Presence"
"Pleosporales","ORDER",94,"HIGHERRANK","Fungi","Ascomycota","Dothideomycetes","Pleosporales",NA,NA,NA,"5","95","183","1047",NA,NA,NA,"842","Presence"
"Hypocreales","ORDER",94,"HIGHERRANK","Fungi","Ascomycota","Sordariomycetes","Hypocreales",NA,NA,NA,"5","95","320","1290",NA,NA,NA,"842","Presence"
"Agaricales","ORDER",94,"EXACT","Fungi","Basidiomycota","Agaricomycetes","Agaricales",NA,NA,NA,"5","34","186","1499",NA,NA,NA,"842","Presence"
"Xylariales","ORDER",94,"HIGHERRANK","Fungi","Ascomycota","Sordariomycetes","Xylariales",NA,NA,NA,"5","95","320","1298",NA,NA,NA,"842","Presence"
"Marasmius","GENUS",94,"HIGHERRANK","Fungi","Basidiomycota","Agaricomycetes","Agaricales","Marasmiaceae","Marasmius",NA,"5","34","186","1499","4179","2526678",NA,"842","Presence"
"Fusarium","GENUS",94,"HIGHERRANK","Fungi","Ascomycota","Sordariomycetes","Hypocreales","Nectriaceae","Fusarium",NA,"5","95","320","1290","4152","2554026",NA,"842","Presence"
"Acremonium","GENUS",94,"HIGHERRANK","Fungi","Ascomycota","Sordariomycetes","Hypocreales","Bionectriaceae","Acremonium",NA,"5","95","320","1290","8416","2560451",NA,"842","Presence"
"Ascomycota","PHYLUM",92,"HIGHERRANK","Fungi","Ascomycota",NA,NA,NA,NA,NA,"5","95",NA,NA,NA,NA,NA,"842","Presence"
"Monosporascus","GENUS",94,"EXACT","Fungi","Ascomycota","Sordariomycetes","Xylariales","Diatrypaceae","Monosporascus",NA,"5","95","320","1298","8437","9795915",NA,"842","Presence"
"Stagonosporopsis oculi-hominis","SPECIES",96,"FUZZY","Fungi","Ascomycota","Dothideomycetes","Pleosporales","Didymellaceae","Stagonosporopsis","Stagonosporopsis oculi-hominis","5","95","183","1047","3281822","2615463","7501699","923","Presence"
"Dendrobium huoshanense","SPECIES",99,"EXACT","Plantae","Tracheophyta","Liliopsida","Asparagales","Orchidaceae","Dendrobium","Dendrobium huoshanense","6","7707728","196","1169","7689","2821327","5317552","923","Presence"
"Kadsura angustifolia","SPECIES",99,"EXACT","Plantae","Tracheophyta","Magnoliopsida","Austrobaileyales","Schisandraceae","Kadsura","Kadsura angustifolia","6","7707728","220","7221318","6691","7335127","3745210","309","Presence"
"Ascomycota","PHYLUM",94,"HIGHERRANK","Fungi","Ascomycota",NA,NA,NA,NA,NA,"5","95",NA,NA,NA,NA,NA,"309","Presence"
"Zygomycota","PHYLUM",94,"HIGHERRANK","Fungi","Zygomycota",NA,NA,NA,NA,NA,"5","96",NA,NA,NA,NA,NA,"309","Presence"
"Basidiomycota","PHYLUM",96,"EXACT","Fungi","Basidiomycota",NA,NA,NA,NA,NA,"5","34",NA,NA,NA,NA,NA,"309","Presence"
"Verticillium dahliae","SPECIES",99,"EXACT","Fungi","Ascomycota","Sordariomycetes","Glomerellales","Plectosphaerellaceae","Verticillium","Verticillium dahliae","5","95","320","9705517","5729","9535878","2569149","309","Presence"
"Colletotrichum","GENUS",94,"HIGHERRANK","Fungi","Ascomycota","Sordariomycetes","Glomerellales","Glomerellaceae","Colletotrichum",NA,"5","95","320","9705517","2461","2563219",NA,"309","Presence"
"Eupenicillium","GENUS",94,"HIGHERRANK","Fungi","Ascomycota","Eurotiomycetes","Eurotiales","Aspergillaceae","Eupenicillium",NA,"5","95","178","1040","3563703","2598095",NA,"309","Presence"
"Fusarium","GENUS",94,"HIGHERRANK","Fungi","Ascomycota","Sordariomycetes","Hypocreales","Nectriaceae","Fusarium",NA,"5","95","320","1290","4152","2554026",NA,"309","Presence"
"Hypoxylon","GENUS",92,"HIGHERRANK","Fungi","Ascomycota","Sordariomycetes","Xylariales","Hypoxylaceae","Hypoxylon",NA,"5","95","320","1298","3302958","2560481",NA,"309","Presence"
"Ascomycota","PHYLUM",92,"HIGHERRANK","Fungi","Ascomycota",NA,NA,NA,NA,NA,"5","95",NA,NA,NA,NA,NA,"309","Presence"
"Phomopsis","GENUS",92,"HIGHERRANK","Fungi","Ascomycota","Sordariomycetes","Diaporthales","Diaporthaceae","Phomopsis",NA,"5","95","320","1289","4146","2577612",NA,"309","Presence"
"Trametes","GENUS",94,"HIGHERRANK","Fungi","Basidiomycota","Agaricomycetes","Polyporales","Polyporaceae","Trametes",NA,"5","34","186","1145","3286","2519084",NA,"309","Presence"
"Umbelopsis","GENUS",94,"HIGHERRANK","Fungi","Mucoromycota","Umbelopsidomycetes","Umbelopsidales","Umbelopsidaceae","Umbelopsis",NA,"5","12238325","12241315","9754076","8279","2558986",NA,"309","Presence"
"Verticillium","GENUS",94,"EXACT","Fungi","Ascomycota","Sordariomycetes","Glomerellales","Plectosphaerellaceae","Verticillium",NA,"5","95","320","9705517","5729","9535878",NA,"309","Presence"
"Xylaria","GENUS",92,"HIGHERRANK","Fungi","Ascomycota","Sordariomycetes","Xylariales","Xylariaceae","Xylaria",NA,"5","95","320","1298","4168","2568748",NA,"309","Presence"
"Forsythia suspensa","SPECIES",99,"EXACT","Plantae","Tracheophyta","Magnoliopsida","Lamiales","Oleaceae","Forsythia","Forsythia suspensa","6","7707728","220","408","6652","3172281","5415056","135","Presence"
"Colletotrichum gloeosporioides","SPECIES",99,"EXACT","Fungi","Ascomycota","Sordariomycetes","Glomerellales","Glomerellaceae","Colletotrichum","Colletotrichum gloeosporioides","5","95","320","9705517","2461","2563219","2569005","135","Presence"
"Brassica","GENUS",94,"HIGHERRANK","Plantae","Tracheophyta","Magnoliopsida","Brassicales","Brassicaceae","Brassica",NA,"6","7707728","220","7225535","3112","3042506",NA,"821","Presence"
"Brassica oleracea","SPECIES",98,"EXACT","Plantae","Tracheophyta","Magnoliopsida","Brassicales","Brassicaceae","Brassica","Brassica oleracea","6","7707728","220","7225535","3112","3042506","3042845","821","Presence"
"Acephala","GENUS",94,"HIGHERRANK","Fungi","Ascomycota","Leotiomycetes","Helotiales","Vibrisseaceae","Acephala",NA,"5","95","179","1052","8386","2581337",NA,"821","Presence"
"Acrocalymma vagum","SPECIES",99,"EXACT","Fungi","Ascomycota","Dothideomycetes","Pleosporales","Acrocalymmaceae","Acrocalymma","Acrocalymma vagum","5","95","183","1047","7440271","2615649","9656174","821","Presence"
"Setophoma terrestris","SPECIES",99,"EXACT","Fungi","Ascomycota","Dothideomycetes","Pleosporales","Phaeosphaeriaceae","Setophoma","Setophoma terrestris","5","95","183","1047","8312","8023907","7436896","821","Presence"
"Fusarium oxysporum","SPECIES",99,"EXACT","Fungi","Ascomycota","Sordariomycetes","Hypocreales","Nectriaceae","Fusarium","Fusarium oxysporum","5","95","320","1290","4152","2554026","5251961","821","Presence"
"Pyrenophora","GENUS",94,"HIGHERRANK","Fungi","Ascomycota","Dothideomycetes","Pleosporales","Pleosporaceae","Pyrenophora",NA,"5","95","183","1047","8315","2598533",NA,"821","Presence"
"Brassica","GENUS",94,"EXACT","Plantae","Tracheophyta","Magnoliopsida","Brassicales","Brassicaceae","Brassica",NA,"6","7707728","220","7225535","3112","3042506",NA,"821","Presence"
"Leptosphaeria maculans","SPECIES",97,"EXACT","Fungi","Ascomycota","Dothideomycetes","Pleosporales","Leptosphaeriaceae","Leptosphaeria","Leptosphaeria maculans","5","95","183","1047","8307","7981442","8508382","821","Presence"
"Sclerotinia sclerotiorum","SPECIES",99,"EXACT","Fungi","Ascomycota","Leotiomycetes","Helotiales","Sclerotiniaceae","Sclerotinia","Sclerotinia sclerotiorum","5","95","179","1052","8385","2580402","2583154","821","Presence"
"Talaromyces stipitatus","SPECIES",99,"EXACT","Fungi","Ascomycota","Eurotiomycetes","Eurotiales","Aspergillaceae","Talaromyces","Talaromyces stipitatus","5","95","178","1040","3563703","2598197","2597843","954","Presence"
"Acanthus ilicifolius","SPECIES",97,"EXACT","Plantae","Tracheophyta","Magnoliopsida","Lamiales","Acanthaceae","Acanthus","Acanthus ilicifolius","6","7707728","220","408","2393","3173198","6359819","954","Presence"
"Assay","GENUS",94,"HIGHERRANK","Plantae","Tracheophyta","Liliopsida","Poales","Poaceae","Assay",NA,"6","7707728","196","1369","3073","11123265",NA,"954","Presence"
"Asteraceae","FAMILY",94,"HIGHERRANK","Plantae","Tracheophyta","Magnoliopsida","Asterales","Asteraceae",NA,NA,"6","7707728","220","414","3065",NA,NA,"224","Presence"
"Asteraceae","FAMILY",94,"HIGHERRANK","Plantae","Tracheophyta","Magnoliopsida","Asterales","Asteraceae",NA,NA,"6","7707728","220","414","3065",NA,NA,"224","Presence"
"Assay","GENUS",94,"HIGHERRANK","Plantae","Tracheophyta","Liliopsida","Poales","Poaceae","Assay",NA,"6","7707728","196","1369","3073","11123265",NA,"224","Presence"
"Fusarium proliferatum","SPECIES",99,"EXACT","Fungi","Ascomycota","Sordariomycetes","Hypocreales","Nectriaceae","Fusarium","Fusarium proliferatum","5","95","320","1290","4152","2554026","5252126","224","Presence"
"Ascomycota","PHYLUM",92,"HIGHERRANK","Fungi","Ascomycota",NA,NA,NA,NA,NA,"5","95",NA,NA,NA,NA,NA,"224","Presence"
"Fusarium","GENUS",94,"HIGHERRANK","Fungi","Ascomycota","Sordariomycetes","Hypocreales","Nectriaceae","Fusarium",NA,"5","95","320","1290","4152","2554026",NA,"224","Presence"
"Stemphylium","GENUS",94,"HIGHERRANK","Fungi","Ascomycota","Dothideomycetes","Pleosporales","Pleosporaceae","Stemphylium",NA,"5","95","183","1047","8315","2592424",NA,"224","Presence"
"Septoria","GENUS",94,"HIGHERRANK","Fungi","Ascomycota","Dothideomycetes","Mycosphaerellales","Mycosphaerellaceae","Septoria",NA,"5","95","183","9783671","4797","7237638",NA,"224","Presence"
"Alternaria","GENUS",94,"HIGHERRANK","Fungi","Ascomycota","Dothideomycetes","Pleosporales","Pleosporaceae","Alternaria",NA,"5","95","183","1047","8315","7388975",NA,"224","Presence"
"Didymella","GENUS",94,"HIGHERRANK","Fungi","Ascomycota","Dothideomycetes","Pleosporales","Didymellaceae","Didymella",NA,"5","95","183","1047","3281822","9388829",NA,"224","Presence"
"Ascomycota","PHYLUM",92,"HIGHERRANK","Fungi","Ascomycota",NA,NA,NA,NA,NA,"5","95",NA,NA,NA,NA,NA,"224","Presence"
"Chaetosphaeronema","GENUS",94,"HIGHERRANK","Fungi","Ascomycota","Dothideomycetes","Pleosporales","Phaeosphaeriaceae","Chaetosphaeronema",NA,"5","95","183","1047","8312","2590616",NA,"224","Presence"
"Sarocladium","GENUS",94,"HIGHERRANK","Fungi","Ascomycota","Sordariomycetes","Hypocreales","Sarocladiaceae","Sarocladium",NA,"5","95","320","1290","10861692","2562111",NA,"224","Presence"
"Nemania","GENUS",94,"HIGHERRANK","Fungi","Ascomycota","Sordariomycetes","Xylariales","Xylariaceae","Nemania",NA,"5","95","320","1298","4168","2576344",NA,"224","Presence"
"Epicoccum","GENUS",94,"HIGHERRANK","Fungi","Ascomycota","Dothideomycetes","Pleosporales","Didymellaceae","Epicoccum",NA,"5","95","183","1047","3281822","2562153",NA,"224","Presence"
"Cladosporium","GENUS",92,"HIGHERRANK","Fungi","Ascomycota","Dothideomycetes","Capnodiales","Cladosporiaceae","Cladosporium",NA,"5","95","183","1262","3563987","2518208",NA,"224","Presence"
"Asteraceae","FAMILY",94,"HIGHERRANK","Plantae","Tracheophyta","Magnoliopsida","Asterales","Asteraceae",NA,NA,"6","7707728","220","414","3065",NA,NA,"224","Presence"
"Trichoderma atroviride","SPECIES",97,"EXACT","Fungi","Ascomycota","Sordariomycetes","Hypocreales","Hypocreaceae","Trichoderma","Trichoderma atroviride","5","95","320","1290","8419","7703803","5251334","166","Presence"
"Alpinia zerumbet","SPECIES",99,"EXACT","Plantae","Tracheophyta","Liliopsida","Zingiberales","Zingiberaceae","Alpinia","Alpinia zerumbet","6","7707728","196","627","4687","5301253","5301979","217","Presence"
"Zingiberaceae","FAMILY",92,"HIGHERRANK","Plantae","Tracheophyta","Liliopsida","Zingiberales","Zingiberaceae",NA,NA,"6","7707728","196","627","4687",NA,NA,"217","Presence"
"Phyla","GENUS",94,"HIGHERRANK","Plantae","Tracheophyta","Magnoliopsida","Lamiales","Verbenaceae","Phyla",NA,"6","7707728","220","408","6689","2925404",NA,"217","Presence"
"Cladosporium","GENUS",92,"HIGHERRANK","Fungi","Ascomycota","Dothideomycetes","Capnodiales","Cladosporiaceae","Cladosporium",NA,"5","95","183","1262","3563987","2518208",NA,"217","Presence"
"Kodamaea","GENUS",94,"HIGHERRANK","Fungi","Ascomycota","Saccharomycetes","Saccharomycetales","Saccharomycetaceae","Kodamaea",NA,"5","95","182","1281","4140","11098364",NA,"217","Presence"
"Hannaella","GENUS",94,"HIGHERRANK","Fungi","Basidiomycota","Tremellomycetes","Tremellales","Bulleribasidiaceae","Hannaella",NA,"5","34","149","1123","9675359","7239012",NA,"217","Presence"
"Mycothermus","GENUS",94,"HIGHERRANK","Fungi","Ascomycota","Sordariomycetes","Sordariales","Chaetomiaceae","Mycothermus",NA,"5","95","320","1061","8433","7716791",NA,"217","Presence"
"Sarocladium","GENUS",94,"EXACT","Fungi","Ascomycota","Sordariomycetes","Hypocreales","Sarocladiaceae","Sarocladium",NA,"5","95","320","1290","10861692","2562111",NA,"217","Presence"
"Neopestalotiopsis","GENUS",94,"HIGHERRANK","Fungi","Ascomycota","Sordariomycetes","Amphisphaeriales","Pestalotiopsidaceae","Neopestalotiopsis",NA,"5","95","320","9705438","9649543","8206500",NA,"217","Presence"
"Alternaria","GENUS",94,"HIGHERRANK","Fungi","Ascomycota","Dothideomycetes","Pleosporales","Pleosporaceae","Alternaria",NA,"5","95","183","1047","8315","7388975",NA,"217","Presence"
"Fusarium","GENUS",94,"HIGHERRANK","Fungi","Ascomycota","Sordariomycetes","Hypocreales","Nectriaceae","Fusarium",NA,"5","95","320","1290","4152","2554026",NA,"217","Presence"
"Cladosporium","GENUS",92,"EXACT","Fungi","Ascomycota","Dothideomycetes","Capnodiales","Cladosporiaceae","Cladosporium",NA,"5","95","183","1262","3563987","2518208",NA,"217","Presence"
"Sarocladium","GENUS",94,"HIGHERRANK","Fungi","Ascomycota","Sordariomycetes","Hypocreales","Sarocladiaceae","Sarocladium",NA,"5","95","320","1290","10861692","2562111",NA,"217","Presence"
"Brachypodium distachyon","SPECIES",97,"EXACT","Plantae","Tracheophyta","Liliopsida","Poales","Poaceae","Brachypodium","Brachypodium distachyon","6","7707728","196","1369","3073","2705713","5290143","290","Presence"
"Microdochium bolleyi","SPECIES",99,"EXACT","Fungi","Ascomycota","Sordariomycetes","Amphisphaeriales","Amphisphaeriaceae","Microdochium","Microdochium bolleyi","5","95","320","9705438","4164","2574444","2574455","290","Presence"
"Fusarium culmorum","SPECIES",99,"EXACT","Fungi","Ascomycota","Sordariomycetes","Hypocreales","Nectriaceae","Fusarium","Fusarium culmorum","5","95","320","1290","4152","2554026","5252189","290","Presence"
"Bletilla striata","SPECIES",99,"EXACT","Plantae","Tracheophyta","Liliopsida","Asparagales","Orchidaceae","Bletilla","Bletilla striata","6","7707728","196","1169","7689","2808764","2808791","588","Presence"
"Mycelium","GENUS",94,"HIGHERRANK","Fungi","Basidiomycota",NA,NA,NA,"Mycelium",NA,"5","34",NA,NA,NA,"7238668",NA,"588","Presence"
"Ferula assa-foetida","SPECIES",97,"EXACT","Plantae","Tracheophyta","Magnoliopsida","Apiales","Apiaceae","Ferula","Ferula assa-foetida","6","7707728","220","1351","6720","3034682","8113074","575","Presence"
"Fusarium","GENUS",94,"HIGHERRANK","Fungi","Ascomycota","Sordariomycetes","Hypocreales","Nectriaceae","Fusarium",NA,"5","95","320","1290","4152","2554026",NA,"575","Presence"
"Alternaria","GENUS",94,"EXACT","Fungi","Ascomycota","Dothideomycetes","Pleosporales","Pleosporaceae","Alternaria",NA,"5","95","183","1047","8315","7388975",NA,"575","Presence"
"Ascomycota","PHYLUM",92,"HIGHERRANK","Fungi","Ascomycota",NA,NA,NA,NA,NA,"5","95",NA,NA,NA,NA,NA,"575","Presence"
"Alternaria tenuissima","SPECIES",98,"EXACT","Fungi","Ascomycota","Dothideomycetes","Pleosporales","Pleosporaceae","Alternaria","Alternaria tenuissima","5","95","183","1047","8315","7388975","2616214","575","Presence"
"Taxus mairei","SPECIES",97,"EXACT","Plantae","Tracheophyta","Pinopsida","Pinales","Taxaceae","Taxus","Taxus mairei","6","7707728","194","640","4863","2684902","5284562","141","Presence"
"Cephalotaxus fortunei","SPECIES",85,"FUZZY","Plantae","Tracheophyta","Pinopsida","Pinales","Cephalotaxaceae","Cephalotaxus","Cephalotaxus fortunei","6","7707728","194","640","8143","2685260","2685265","141","Presence"
"Torreya grandis","SPECIES",98,"EXACT","Plantae","Tracheophyta","Pinopsida","Pinales","Taxaceae","Torreya","Torreya grandis","6","7707728","194","640","4863","2685123","5284483","141","Presence"
"Assay","GENUS",94,"EXACT","Plantae","Tracheophyta","Liliopsida","Poales","Poaceae","Assay",NA,"6","7707728","196","1369","3073","11123265",NA,"141","Presence"
"Neurospora","GENUS",94,"HIGHERRANK","Fungi","Ascomycota","Sordariomycetes","Sordariales","Sordariaceae","Neurospora",NA,"5","95","320","1061","4163","2572660",NA,"141","Presence"
"Trichoderma eijii","SPECIES",84,"FUZZY","Fungi","Ascomycota","Sordariomycetes","Hypocreales","Hypocreaceae","Trichoderma","Trichoderma eijii","5","95","320","1290","8419","7703803","7504216","141","Presence"
"Fusarium","GENUS",94,"HIGHERRANK","Fungi","Ascomycota","Sordariomycetes","Hypocreales","Nectriaceae","Fusarium",NA,"5","95","320","1290","4152","2554026",NA,"141","Presence"
"Paecilomyces","GENUS",94,"HIGHERRANK","Fungi","Ascomycota","Eurotiomycetes","Eurotiales","Aspergillaceae","Paecilomyces",NA,"5","95","178","1040","3563703","2560478",NA,"141","Presence"
"Poaceae","FAMILY",94,"HIGHERRANK","Plantae","Tracheophyta","Liliopsida","Poales","Poaceae",NA,NA,"6","7707728","196","1369","3073",NA,NA,"722","Presence"
"Microbiota","GENUS",94,"HIGHERRANK","Plantae","Tracheophyta","Pinopsida","Pinales","Cupressaceae","Microbiota",NA,"6","7707728","194","640","8144","2684893",NA,"722","Presence"
"Chrysopogon zizanioides","SPECIES",99,"EXACT","Plantae","Tracheophyta","Liliopsida","Poales","Poaceae","Chrysopogon","Chrysopogon zizanioides","6","7707728","196","1369","3073","2705672","5677150","722","Presence"
"Gigaspora albida","SPECIES",99,"EXACT","Fungi","Glomeromycota","Glomeromycetes","Diversisporales","Gigasporaceae","Gigaspora","Gigaspora albida","5","18","156","533","7622","2560147","2560148","722","Presence"
"Acaulospora morrowiae","SPECIES",99,"EXACT","Fungi","Glomeromycota","Glomeromycetes","Diversisporales","Acaulosporaceae","Acaulospora","Acaulospora morrowiae","5","18","156","533","3301","2560108","2560125","722","Presence"
"Microbiota","GENUS",94,"HIGHERRANK","Plantae","Tracheophyta","Pinopsida","Pinales","Cupressaceae","Microbiota",NA,"6","7707728","194","640","8144","2684893",NA,"722","Presence"
"Beauveria bassiana","SPECIES",99,"EXACT","Fungi","Ascomycota","Sordariomycetes","Hypocreales","Cordycipitaceae","Beauveria","Beauveria bassiana","5","95","320","1290","8418","2560584","2560612","865","Presence"
"Vitis vinifera","SPECIES",93,"FUZZY","Plantae","Tracheophyta","Magnoliopsida","Vitales","Vitaceae","Vitis","Vitis vinifera","6","7707728","220","7222050","6672","7467468","5372392","865","Presence"
"Alternaria","GENUS",94,"HIGHERRANK","Fungi","Ascomycota","Dothideomycetes","Pleosporales","Pleosporaceae","Alternaria",NA,"5","95","183","1047","8315","7388975",NA,"294","Presence"
"Pelargonium sidoides","SPECIES",99,"EXACT","Plantae","Tracheophyta","Magnoliopsida","Geraniales","Geraniaceae","Pelargonium","Pelargonium sidoides","6","7707728","220","624","4676","9348640","3827581","294","Presence"
"Taxus","GENUS",94,"HIGHERRANK","Plantae","Tracheophyta","Pinopsida","Pinales","Taxaceae","Taxus",NA,"6","7707728","194","640","4863","2684902",NA,"277","Presence"
"Taxus","GENUS",94,"HIGHERRANK","Plantae","Tracheophyta","Pinopsida","Pinales","Taxaceae","Taxus",NA,"6","7707728","194","640","4863","2684902",NA,"277","Presence"
"Pseudodidymocyrtis lobariellae","SPECIES",99,"EXACT","Fungi","Ascomycota","Dothideomycetes","Pleosporales","Didymosphaeriaceae","Pseudodidymocyrtis","Pseudodidymocyrtis lobariellae","5","95","183","1047","4817","11455304","11854761","277","Presence"
"Taxus","GENUS",94,"HIGHERRANK","Plantae","Tracheophyta","Pinopsida","Pinales","Taxaceae","Taxus",NA,"6","7707728","194","640","4863","2684902",NA,"277","Presence"
"Assay","GENUS",94,"HIGHERRANK","Plantae","Tracheophyta","Liliopsida","Poales","Poaceae","Assay",NA,"6","7707728","196","1369","3073","11123265",NA,"999","Presence"
"Cladosporium","GENUS",92,"HIGHERRANK","Fungi","Ascomycota","Dothideomycetes","Capnodiales","Cladosporiaceae","Cladosporium",NA,"5","95","183","1262","3563987","2518208",NA,"999","Presence"
"Metarhizium anisopliae","SPECIES",99,"EXACT","Fungi","Ascomycota","Sordariomycetes","Hypocreales","Clavicipitaceae","Metarhizium","Metarhizium anisopliae","5","95","320","1290","8417","2562464","2562645","999","Presence"
"Quercus gambelii","SPECIES",97,"EXACT","Plantae","Tracheophyta","Magnoliopsida","Fagales","Fagaceae","Quercus","Quercus gambelii","6","7707728","220","1354","4689","2877951","2878268","41","Presence"
"Mikania micrantha","SPECIES",97,"EXACT","Plantae","Tracheophyta","Magnoliopsida","Asterales","Asteraceae","Mikania","Mikania micrantha","6","7707728","220","414","3065","7722389","5398421","431","Presence"
"Fusarium proliferatum","SPECIES",99,"EXACT","Fungi","Ascomycota","Sordariomycetes","Hypocreales","Nectriaceae","Fusarium","Fusarium proliferatum","5","95","320","1290","4152","2554026","5252126","431","Presence"
"Mycelium","GENUS",94,"HIGHERRANK","Fungi","Basidiomycota",NA,NA,NA,"Mycelium",NA,"5","34",NA,NA,NA,"7238668",NA,"431","Presence"
"Diaporthe","GENUS",94,"HIGHERRANK","Fungi","Ascomycota","Sordariomycetes","Diaporthales","Diaporthaceae","Diaporthe",NA,"5","95","320","1289","4146","2566075",NA,"90","Review"
"Bipolaris","GENUS",94,"HIGHERRANK","Fungi","Ascomycota","Dothideomycetes","Pleosporales","Pleosporaceae","Bipolaris",NA,"5","95","183","1047","8315","2617116",NA,"316","Presence"
"Assay","GENUS",94,"HIGHERRANK","Plantae","Tracheophyta","Liliopsida","Poales","Poaceae","Assay",NA,"6","7707728","196","1369","3073","11123265",NA,"316","Presence"
"Cladosporium cladosporioides","SPECIES",99,"EXACT","Fungi","Ascomycota","Dothideomycetes","Capnodiales","Cladosporiaceae","Cladosporium","Cladosporium cladosporioides","5","95","183","1262","3563987","2518208","2620657","316","Presence"
"Cladosporium cucumerinum","SPECIES",99,"EXACT","Fungi","Ascomycota","Dothideomycetes","Capnodiales","Cladosporiaceae","Cladosporium","Cladosporium cucumerinum","5","95","183","1262","3563987","2518208","2620564","316","Presence"
"Saccharomyces cerevisiae","SPECIES",98,"EXACT","Fungi","Ascomycota","Saccharomycetes","Saccharomycetales","Saccharomycetaceae","Saccharomyces","Saccharomyces cerevisiae","5","95","182","1281","4140","2518181","7440012","316","Presence"
"Aspergillus niger","SPECIES",99,"EXACT","Fungi","Ascomycota","Eurotiomycetes","Eurotiales","Aspergillaceae","Aspergillus","Aspergillus niger","5","95","178","1040","3563703","8884233","3465658","316","Presence"
"Melia azedarach","SPECIES",98,"EXACT","Plantae","Tracheophyta","Magnoliopsida","Sapindales","Meliaceae","Melia","Melia azedarach","6","7707728","220","933","2397","3190496","5914287","528","Presence"
"Ascomycota","PHYLUM",92,"HIGHERRANK","Fungi","Ascomycota",NA,NA,NA,NA,NA,"5","95",NA,NA,NA,NA,NA,"528","Presence"
"Penicillium commune","SPECIES",99,"EXACT","Fungi","Ascomycota","Eurotiomycetes","Eurotiales","Aspergillaceae","Penicillium","Penicillium commune","5","95","178","1040","3563703","7635114","2597910","606","Presence"
"Neurospora crassa","SPECIES",99,"EXACT","Fungi","Ascomycota","Sordariomycetes","Sordariales","Sordariaceae","Neurospora","Neurospora crassa","5","95","320","1061","4163","2572660","5253986","606","Presence"
"Cinnamomum longepaniculatum","SPECIES",97,"EXACT","Plantae","Tracheophyta","Magnoliopsida","Laurales","Lauraceae","Cinnamomum","Cinnamomum longepaniculatum","6","7707728","220","407","6688","3033980","7362367","606","Presence"
"Fusarium proliferatum","SPECIES",99,"EXACT","Fungi","Ascomycota","Sordariomycetes","Hypocreales","Nectriaceae","Fusarium","Fusarium proliferatum","5","95","320","1290","4152","2554026","5252126","774","Presence"
"Ascomycota","PHYLUM",96,"EXACT","Fungi","Ascomycota",NA,NA,NA,NA,NA,"5","95",NA,NA,NA,NA,NA,"747","Presence"
"Colletotrichum","GENUS",94,"EXACT","Fungi","Ascomycota","Sordariomycetes","Glomerellales","Glomerellaceae","Colletotrichum",NA,"5","95","320","9705517","2461","2563219",NA,"747","Presence"
"Euphorbia pekinensis","SPECIES",98,"EXACT","Plantae","Tracheophyta","Magnoliopsida","Malpighiales","Euphorbiaceae","Euphorbia","Euphorbia pekinensis","6","7707728","220","1414","4691","11397237","3067750","456","Presence"
"Fusarium","GENUS",94,"HIGHERRANK","Fungi","Ascomycota","Sordariomycetes","Hypocreales","Nectriaceae","Fusarium",NA,"5","95","320","1290","4152","2554026",NA,"456","Presence"
"Mycelium","GENUS",94,"EXACT","Fungi","Basidiomycota",NA,NA,NA,"Mycelium",NA,"5","34",NA,NA,NA,"7238668",NA,"456","Presence"
"Palicourea rigida","SPECIES",99,"EXACT","Plantae","Tracheophyta","Magnoliopsida","Gentianales","Rubiaceae","Palicourea","Palicourea rigida","6","7707728","220","412","8798","2898662","2898841","598","Presence"
"Colletotrichum","GENUS",94,"HIGHERRANK","Fungi","Ascomycota","Sordariomycetes","Glomerellales","Glomerellaceae","Colletotrichum",NA,"5","95","320","9705517","2461","2563219",NA,"598","Presence"
"Pestalotiopsis","GENUS",94,"HIGHERRANK","Fungi","Ascomycota","Sordariomycetes","Amphisphaeriales","Pestalotiopsidaceae","Pestalotiopsis",NA,"5","95","320","9705438","9649543","2574855",NA,"598","Presence"
"Botryosphaeriales","ORDER",94,"EXACT","Fungi","Ascomycota","Dothideomycetes","Botryosphaeriales",NA,NA,NA,"5","95","183","1032",NA,NA,NA,"598","Presence"
"Diaporthe","GENUS",94,"HIGHERRANK","Fungi","Ascomycota","Sordariomycetes","Diaporthales","Diaporthaceae","Diaporthe",NA,"5","95","320","1289","4146","2566075",NA,"598","Presence"
"Lactuca sativa","SPECIES",99,"EXACT","Plantae","Tracheophyta","Magnoliopsida","Asterales","Asteraceae","Lactuca","Lactuca sativa","6","7707728","220","414","3065","3140231","7403263","598","Presence"
"Aspergillus niger","SPECIES",99,"EXACT","Fungi","Ascomycota","Eurotiomycetes","Eurotiales","Aspergillaceae","Aspergillus","Aspergillus niger","5","95","178","1040","3563703","8884233","3465658","598","Presence"
"Inonotus rickii","SPECIES",99,"EXACT","Fungi","Basidiomycota","Agaricomycetes","Hymenochaetales","Hymenochaetaceae","Inonotus","Inonotus rickii","5","34","186","1304","8468","2520982","2521224","598","Presence"
"Pestalotiopsis mangiferae","SPECIES",99,"EXACT","Fungi","Ascomycota","Sordariomycetes","Amphisphaeriales","Pestalotiopsidaceae","Pestalotiopsis","Pestalotiopsis mangiferae","5","95","320","9705438","9649543","2574855","2574964","598","Presence"
"Coniophora puteana","SPECIES",99,"EXACT","Fungi","Basidiomycota","Agaricomycetes","Boletales","Coniophoraceae","Coniophora","Coniophora puteana","5","34","186","1063","8449","2520081","5240101","598","Presence"
"Ascomycota","PHYLUM",92,"HIGHERRANK","Fungi","Ascomycota",NA,NA,NA,NA,NA,"5","95",NA,NA,NA,NA,NA,"854","Presence"
"Ginkgo biloba","SPECIES",99,"EXACT","Plantae","Tracheophyta","Ginkgoopsida","Ginkgoales","Ginkgoaceae","Ginkgo","Ginkgo biloba","6","7707728","244","418","3070","2687884","2687885","854","Presence"
"Raphanus sativus","SPECIES",99,"EXACT","Plantae","Tracheophyta","Magnoliopsida","Brassicales","Brassicaceae","Raphanus","Raphanus sativus","6","7707728","220","7225535","3112","3040962","7678610","854","Presence"
"Brassica napus","SPECIES",99,"EXACT","Plantae","Tracheophyta","Magnoliopsida","Brassicales","Brassicaceae","Brassica","Brassica napus","6","7707728","220","7225535","3112","3042506","3042636","854","Presence"
"Atractylodes lancea","SPECIES",99,"EXACT","Plantae","Tracheophyta","Magnoliopsida","Asterales","Asteraceae","Atractylodes","Atractylodes lancea","6","7707728","220","414","3065","3122426","3122433","39","Presence"
"Gilmaniella","GENUS",94,"HIGHERRANK","Fungi","Ascomycota",NA,NA,NA,"Gilmaniella",NA,"5","95",NA,NA,NA,"2589924",NA,"39","Presence"
"Tinospora cordifolia","SPECIES",97,"EXACT","Plantae","Tracheophyta","Magnoliopsida","Ranunculales","Menispermaceae","Tinospora","Tinospora cordifolia","6","7707728","220","399","2411","7268723","7520328","159","Presence"
"Azadirachta indica","SPECIES",99,"EXACT","Plantae","Tracheophyta","Magnoliopsida","Sapindales","Meliaceae","Azadirachta","Azadirachta indica","6","7707728","220","933","2397","3190473","3190474","159","Presence"
"Alternaria","GENUS",94,"HIGHERRANK","Fungi","Ascomycota","Dothideomycetes","Pleosporales","Pleosporaceae","Alternaria",NA,"5","95","183","1047","8315","7388975",NA,"159","Presence"
"Curvularia","GENUS",94,"HIGHERRANK","Fungi","Ascomycota","Dothideomycetes","Pleosporales","Pleosporaceae","Curvularia",NA,"5","95","183","1047","8315","2569225",NA,"159","Presence"
"Cladosporium","GENUS",92,"HIGHERRANK","Fungi","Ascomycota","Dothideomycetes","Capnodiales","Cladosporiaceae","Cladosporium",NA,"5","95","183","1262","3563987","2518208",NA,"159","Presence"
"Penicillium asperulum","SPECIES",93,"FUZZY","Fungi","Ascomycota","Eurotiomycetes","Eurotiales","Aspergillaceae","Penicillium","Penicillium asperulum","5","95","178","1040","3563703","7635114","5489557","159","Presence"
"Fusarium","GENUS",94,"HIGHERRANK","Fungi","Ascomycota","Sordariomycetes","Hypocreales","Nectriaceae","Fusarium",NA,"5","95","320","1290","4152","2554026",NA,"159","Presence"
"Colletotrichum","GENUS",94,"HIGHERRANK","Fungi","Ascomycota","Sordariomycetes","Glomerellales","Glomerellaceae","Colletotrichum",NA,"5","95","320","9705517","2461","2563219",NA,"159","Presence"
"Rhizopus","GENUS",94,"HIGHERRANK","Fungi","Mucoromycota","Mucoromycetes","Mucorales","Rhizopodaceae","Rhizopus",NA,"5","12238325","9796761","749","7833248","2558384",NA,"159","Presence"
"Helminthosporium","GENUS",94,"HIGHERRANK","Fungi","Ascomycota","Dothideomycetes","Pleosporales","Massarinaceae","Helminthosporium",NA,"5","95","183","1047","8308","2568633",NA,"159","Presence"
"Pleurothecium","GENUS",94,"HIGHERRANK","Fungi","Ascomycota","Sordariomycetes","Pleurotheciales","Pleurotheciaceae","Pleurothecium",NA,"5","95","320","9654366","7488648","9597078",NA,"159","Presence"
"Aureobasidium","GENUS",94,"HIGHERRANK","Fungi","Ascomycota","Dothideomycetes","Dothideales","Saccotheciaceae","Aureobasidium",NA,"5","95","183","1033","3308777","9269560",NA,"159","Presence"
"Cercospora","GENUS",94,"EXACT","Fungi","Ascomycota","Dothideomycetes","Mycosphaerellales","Mycosphaerellaceae","Cercospora",NA,"5","95","183","9783671","4797","8262342",NA,"159","Presence"
"Curvularia","GENUS",94,"HIGHERRANK","Fungi","Ascomycota","Dothideomycetes","Pleosporales","Pleosporaceae","Curvularia",NA,"5","95","183","1047","8315","2569225",NA,"159","Presence"
"Ascomycota","PHYLUM",92,"HIGHERRANK","Fungi","Ascomycota",NA,NA,NA,NA,NA,"5","95",NA,NA,NA,NA,NA,"159","Presence"
"Pinus sylvestris","SPECIES",98,"EXACT","Plantae","Tracheophyta","Pinopsida","Pinales","Pinaceae","Pinus","Pinus sylvestris","6","7707728","194","640","3925","2684241","5285637","752","Presence"
"Acephala applanata","SPECIES",99,"EXACT","Fungi","Ascomycota","Leotiomycetes","Helotiales","Vibrisseaceae","Acephala","Acephala applanata","5","95","179","1052","8386","2581337","2581338","752","Presence"
"Phialocephala fortinii","SPECIES",99,"EXACT","Fungi","Ascomycota","Leotiomycetes","Helotiales","Mollisiaceae","Phialocephala","Phialocephala fortinii","5","95","179","1052","3297719","9539536","3484868","752","Presence"
"Humicolopsis cephalosporioides","SPECIES",99,"EXACT","Fungi","Ascomycota","Leotiomycetes","Helotiales",NA,"Humicolopsis","Humicolopsis cephalosporioides","5","95","179","1052",NA,"7486850","5257963","752","Presence"
"Coniochaeta mutabilis","SPECIES",99,"EXACT","Fungi","Ascomycota","Sordariomycetes","Coniochaetales","Coniochaetaceae","Coniochaeta","Coniochaeta mutabilis","5","95","320","1285","4144","2569547","8206918","752","Presence"
"Ozonium","GENUS",94,"HIGHERRANK","Fungi","Basidiomycota","Agaricomycetes","Agaricales","Psathyrellaceae","Ozonium",NA,"5","34","186","1499","4184","2518082",NA,"209","Presence"
"Taxus chinensis","SPECIES",97,"EXACT","Plantae","Tracheophyta","Pinopsida","Pinales","Taxaceae","Taxus","Taxus chinensis","6","7707728","194","640","4863","2684902","8641859","209","Presence"
"Mycelium","GENUS",94,"HIGHERRANK","Fungi","Basidiomycota",NA,NA,NA,"Mycelium",NA,"5","34",NA,NA,NA,"7238668",NA,"209","Presence"
"Fusarium redolens","SPECIES",99,"EXACT","Fungi","Ascomycota","Sordariomycetes","Hypocreales","Nectriaceae","Fusarium","Fusarium redolens","5","95","320","1290","4152","2554026","5252177","988","Presence"
"Dioscorea zingiberensis","SPECIES",99,"EXACT","Plantae","Tracheophyta","Liliopsida","Dioscoreales","Dioscoreaceae","Dioscorea","Dioscorea zingiberensis","6","7707728","196","1171","7694","2754367","2754595","988","Presence"
"Assay","GENUS",94,"EXACT","Plantae","Tracheophyta","Liliopsida","Poales","Poaceae","Assay",NA,"6","7707728","196","1369","3073","11123265",NA,"988","Presence"
"Rigidoporus","GENUS",94,"HIGHERRANK","Fungi","Basidiomycota","Agaricomycetes","Polyporales","Meripilaceae","Rigidoporus",NA,"5","34","186","1145","3288","2519063",NA,"994","Presence"
"Fusarium proliferatum","SPECIES",99,"EXACT","Fungi","Ascomycota","Sordariomycetes","Hypocreales","Nectriaceae","Fusarium","Fusarium proliferatum","5","95","320","1290","4152","2554026","5252126","994","Presence"
"Penicillium citrinum","SPECIES",99,"EXACT","Fungi","Ascomycota","Eurotiomycetes","Eurotiales","Aspergillaceae","Penicillium","Penicillium citrinum","5","95","178","1040","3563703","7635114","2597681","994","Presence"
"Trichoderma asperellum","SPECIES",99,"EXACT","Fungi","Ascomycota","Sordariomycetes","Hypocreales","Hypocreaceae","Trichoderma","Trichoderma asperellum","5","95","320","1290","8419","7703803","5251325","994","Presence"
"Chaetomium","GENUS",94,"HIGHERRANK","Fungi","Ascomycota","Sordariomycetes","Sordariales","Chaetomiaceae","Chaetomium",NA,"5","95","320","1061","8433","2560820",NA,"994","Presence"
"Curvularia lunata","SPECIES",99,"EXACT","Fungi","Ascomycota","Dothideomycetes","Pleosporales","Pleosporaceae","Curvularia","Curvularia lunata","5","95","183","1047","8315","2569225","2616016","994","Presence"
"Chaetomium","GENUS",92,"HIGHERRANK","Fungi","Ascomycota","Sordariomycetes","Sordariales","Chaetomiaceae","Chaetomium",NA,"5","95","320","1061","8433","2560820",NA,"994","Presence"
"Phomopsis","GENUS",92,"HIGHERRANK","Fungi","Ascomycota","Sordariomycetes","Diaporthales","Diaporthaceae","Phomopsis",NA,"5","95","320","1289","4146","2577612",NA,"516","Presence"
"Alternanthera bettzickiana","SPECIES",97,"EXACT","Plantae","Tracheophyta","Magnoliopsida","Caryophyllales","Amaranthaceae","Alternanthera","Alternanthera bettzickiana","6","7707728","220","422","3064","3084921","8189919","516","Presence"
"Huperzia serrata","SPECIES",97,"EXACT","Plantae","Tracheophyta","Lycopodiopsida","Lycopodiales","Lycopodiaceae","Huperzia","Huperzia serrata","6","7707728","245","421","6725","2688450","2688470","69","Presence"
"Phyla","GENUS",94,"HIGHERRANK","Plantae","Tracheophyta","Magnoliopsida","Lamiales","Verbenaceae","Phyla",NA,"6","7707728","220","408","6689","2925404",NA,"69","Presence"
"Phyla","GENUS",94,"HIGHERRANK","Plantae","Tracheophyta","Magnoliopsida","Lamiales","Verbenaceae","Phyla",NA,"6","7707728","220","408","6689","2925404",NA,"69","Presence"
"Rhizophora apiculata","SPECIES",99,"EXACT","Plantae","Tracheophyta","Magnoliopsida","Malpighiales","Rhizophoraceae","Rhizophora","Rhizophora apiculata","6","7707728","220","1414","6671","3086525","3086526","895","Presence"
"Albifimbria viridis","SPECIES",99,"EXACT","Fungi","Ascomycota","Sordariomycetes","Hypocreales","Stachybotryaceae","Albifimbria","Albifimbria viridis","5","95","320","1290","7733260","9803212","9783094","409","Presence"
"Acacia mangium","SPECIES",99,"EXACT","Plantae","Tracheophyta","Magnoliopsida","Fabales","Fabaceae","Acacia","Acacia mangium","6","7707728","220","1370","5386","2978223","2979091","308","Presence"
"Ceratocystis fimbriata","SPECIES",97,"EXACT","Fungi","Ascomycota","Sordariomycetes","Microascales","Ceratocystidaceae","Ceratocystis","Ceratocystis fimbriata","5","95","320","1059","4156","9512045","5252354","308","Presence"
"Ascomycota","PHYLUM",96,"EXACT","Fungi","Ascomycota",NA,NA,NA,NA,NA,"5","95",NA,NA,NA,NA,NA,"308","Presence"
"Zygomycota","PHYLUM",94,"HIGHERRANK","Fungi","Zygomycota",NA,NA,NA,NA,NA,"5","96",NA,NA,NA,NA,NA,"308","Presence"
"Ascomycota","PHYLUM",94,"HIGHERRANK","Fungi","Ascomycota",NA,NA,NA,NA,NA,"5","95",NA,NA,NA,NA,NA,"308","Presence"
"Nigrospora","GENUS",94,"HIGHERRANK","Fungi","Ascomycota","Sordariomycetes","Trichosphaeriales","Trichosphaeriaceae","Nigrospora",NA,"5","95","320","1297","8435","8324240",NA,"308","Presence"
"Pestalotiopsis","GENUS",94,"HIGHERRANK","Fungi","Ascomycota","Sordariomycetes","Amphisphaeriales","Pestalotiopsidaceae","Pestalotiopsis",NA,"5","95","320","9705438","9649543","2574855",NA,"308","Presence"
"Lasiodiplodia","GENUS",94,"HIGHERRANK","Fungi","Ascomycota","Dothideomycetes","Botryosphaeriales","Botryosphaeriaceae","Lasiodiplodia",NA,"5","95","183","1032","4791","2611221",NA,"308","Presence"
"Sordariomycetes","CLASS",96,"EXACT","Fungi","Ascomycota","Sordariomycetes",NA,NA,NA,NA,"5","95","320",NA,NA,NA,NA,"308","Presence"
"Neopestalotiopsis","GENUS",94,"HIGHERRANK","Fungi","Ascomycota","Sordariomycetes","Amphisphaeriales","Pestalotiopsidaceae","Neopestalotiopsis",NA,"5","95","320","9705438","9649543","8206500",NA,"308","Presence"
"Pseudopestalotiopsis","GENUS",94,"HIGHERRANK","Fungi","Ascomycota","Sordariomycetes","Amphisphaeriales","Pestalotiopsidaceae","Pseudopestalotiopsis",NA,"5","95","320","9705438","9649543","8290245",NA,"308","Presence"
"Eutiarosporella","GENUS",94,"HIGHERRANK","Fungi","Ascomycota","Dothideomycetes","Botryosphaeriales","Botryosphaeriaceae","Eutiarosporella",NA,"5","95","183","1032","4791","7963905",NA,"308","Presence"
"Curvularia","GENUS",94,"HIGHERRANK","Fungi","Ascomycota","Dothideomycetes","Pleosporales","Pleosporaceae","Curvularia",NA,"5","95","183","1047","8315","2569225",NA,"308","Presence"
"Fusarium","GENUS",94,"HIGHERRANK","Fungi","Ascomycota","Sordariomycetes","Hypocreales","Nectriaceae","Fusarium",NA,"5","95","320","1290","4152","2554026",NA,"308","Presence"
"Ascomycota","PHYLUM",92,"HIGHERRANK","Fungi","Ascomycota",NA,NA,NA,NA,NA,"5","95",NA,NA,NA,NA,NA,"308","Presence"
"Hypoxylon","GENUS",92,"HIGHERRANK","Fungi","Ascomycota","Sordariomycetes","Xylariales","Hypoxylaceae","Hypoxylon",NA,"5","95","320","1298","3302958","2560481",NA,"308","Presence"
"Zygomycota","PHYLUM",94,"HIGHERRANK","Fungi","Zygomycota",NA,NA,NA,NA,NA,"5","96",NA,NA,NA,NA,NA,"308","Presence"
"Blakeslea","GENUS",94,"HIGHERRANK","Fungi","Mucoromycota","Mucoromycetes","Mucorales","Choanephoraceae","Blakeslea",NA,"5","12238325","9796761","749","8274","2558399",NA,"308","Presence"
"Trichoderma koningiopsis","SPECIES",99,"EXACT","Fungi","Ascomycota","Sordariomycetes","Hypocreales","Hypocreaceae","Trichoderma","Trichoderma koningiopsis","5","95","320","1290","8419","7703803","5483308","308","Presence"
"Nigrospora oryzae","SPECIES",99,"EXACT","Fungi","Ascomycota","Sordariomycetes","Trichosphaeriales","Trichosphaeriaceae","Nigrospora","Nigrospora oryzae","5","95","320","1297","8435","8324240","2569650","308","Presence"
"Lasiodiplodia","GENUS",94,"HIGHERRANK","Fungi","Ascomycota","Dothideomycetes","Botryosphaeriales","Botryosphaeriaceae","Lasiodiplodia",NA,"5","95","183","1032","4791","2611221",NA,"308","Presence"
"Trichoderma eijii","SPECIES",84,"FUZZY","Fungi","Ascomycota","Sordariomycetes","Hypocreales","Hypocreaceae","Trichoderma","Trichoderma eijii","5","95","320","1290","8419","7703803","7504216","308","Presence"
"Ascomycota","PHYLUM",94,"HIGHERRANK","Fungi","Ascomycota",NA,NA,NA,NA,NA,"5","95",NA,NA,NA,NA,NA,"278","Presence"
"Basidiomycota","PHYLUM",94,"HIGHERRANK","Fungi","Basidiomycota",NA,NA,NA,NA,NA,"5","34",NA,NA,NA,NA,NA,"278","Presence"
"Chytridiomycota","PHYLUM",96,"EXACT","Fungi","Chytridiomycota",NA,NA,NA,NA,NA,"5","94",NA,NA,NA,NA,NA,"278","Presence"
"Helotiales","ORDER",94,"HIGHERRANK","Fungi","Ascomycota","Leotiomycetes","Helotiales",NA,NA,NA,"5","95","179","1052",NA,NA,NA,"278","Presence"
"Pleosporales","ORDER",94,"HIGHERRANK","Fungi","Ascomycota","Dothideomycetes","Pleosporales",NA,NA,NA,"5","95","183","1047",NA,NA,NA,"278","Presence"
"Capnodiales","ORDER",94,"EXACT","Fungi","Ascomycota","Dothideomycetes","Capnodiales",NA,NA,NA,"5","95","183","1262",NA,NA,NA,"278","Presence"
"Tremellales","ORDER",94,"HIGHERRANK","Fungi","Basidiomycota","Tremellomycetes","Tremellales",NA,NA,NA,"5","34","149","1123",NA,NA,NA,"278","Presence"
"Rhizosphaera","GENUS",94,"HIGHERRANK","Fungi","Ascomycota","Dothideomycetes","Venturiales","Venturiaceae","Rhizosphaera",NA,"5","95","183","7446671","8317","2617685",NA,"278","Presence"
"Mycopappus","GENUS",94,"HIGHERRANK","Fungi","Ascomycota","Leotiomycetes","Helotiales","Sclerotiniaceae","Mycopappus",NA,"5","95","179","1052","8385","2583192",NA,"278","Presence"
"Melampsora","GENUS",94,"HIGHERRANK","Fungi","Basidiomycota","Pucciniomycetes","Pucciniales","Melampsoraceae","Melampsora",NA,"5","34","270","1126","3253","2513275",NA,"278","Presence"
"Phaeosphaeria","GENUS",94,"HIGHERRANK","Fungi","Ascomycota","Dothideomycetes","Pleosporales","Phaeosphaeriaceae","Phaeosphaeria",NA,"5","95","183","1047","8312","2579070",NA,"278","Presence"
"Mrakia","GENUS",94,"HIGHERRANK","Fungi","Basidiomycota","Tremellomycetes","Cystofilobasidiales","Mrakiaceae","Mrakia",NA,"5","34","149","1125","9479658","2518126",NA,"278","Presence"
"Leptosphaeria","GENUS",94,"HIGHERRANK","Fungi","Ascomycota","Dothideomycetes","Pleosporales","Leptosphaeriaceae","Leptosphaeria",NA,"5","95","183","1047","8307","7981442",NA,"278","Presence"
"Catharanthus roseus","SPECIES",99,"EXACT","Plantae","Tracheophyta","Magnoliopsida","Gentianales","Apocynaceae","Catharanthus","Catharanthus roseus","6","7707728","220","412","6701","3169829","3169830","537","Presence"
"Colletotrichum","GENUS",94,"HIGHERRANK","Fungi","Ascomycota","Sordariomycetes","Glomerellales","Glomerellaceae","Colletotrichum",NA,"5","95","320","9705517","2461","2563219",NA,"537","Presence"
"Alternaria","GENUS",94,"EXACT","Fungi","Ascomycota","Dothideomycetes","Pleosporales","Pleosporaceae","Alternaria",NA,"5","95","183","1047","8315","7388975",NA,"537","Presence"
"Chaetomium","GENUS",94,"HIGHERRANK","Fungi","Ascomycota","Sordariomycetes","Sordariales","Chaetomiaceae","Chaetomium",NA,"5","95","320","1061","8433","2560820",NA,"537","Presence"
"Assay","GENUS",94,"HIGHERRANK","Plantae","Tracheophyta","Liliopsida","Poales","Poaceae","Assay",NA,"6","7707728","196","1369","3073","11123265",NA,"537","Presence"
"Cephalotaxus","GENUS",94,"HIGHERRANK","Plantae","Tracheophyta","Pinopsida","Pinales","Cephalotaxaceae","Cephalotaxus",NA,"6","7707728","194","640","8143","2685260",NA,"424","Presence"
"Cephalotaxus","GENUS",94,"HIGHERRANK","Plantae","Tracheophyta","Pinopsida","Pinales","Cephalotaxaceae","Cephalotaxus",NA,"6","7707728","194","640","8143","2685260",NA,"424","Presence"
"Cephalotaxus hainanensis","SPECIES",99,"EXACT","Plantae","Tracheophyta","Pinopsida","Pinales","Cephalotaxaceae","Cephalotaxus","Cephalotaxus hainanensis","6","7707728","194","640","8143","2685260","2685278","424","Presence"
"Alternaria tenuissima","SPECIES",92,"FUZZY","Fungi","Ascomycota","Dothideomycetes","Pleosporales","Pleosporaceae","Alternaria","Alternaria tenuissima","5","95","183","1047","8315","7388975","2616214","424","Presence"
"Alternaria panax","SPECIES",99,"EXACT","Fungi","Ascomycota","Dothideomycetes","Pleosporales","Pleosporaceae","Alternaria","Alternaria panax","5","95","183","1047","8315","7388975","2616200","880","Presence"
"Panax","GENUS",92,"HIGHERRANK","Plantae","Tracheophyta","Magnoliopsida","Apiales","Araliaceae","Panax",NA,"6","7707728","220","1351","8800","3037591",NA,"880","Presence"
"Botrytis cinerea","SPECIES",98,"EXACT","Fungi","Ascomycota","Leotiomycetes","Helotiales","Sclerotiniaceae","Botrytis","Botrytis cinerea","5","95","179","1052","8385","11189196","2583139","880","Presence"
"Rhizoctonia solani","SPECIES",99,"EXACT","Fungi","Basidiomycota","Agaricomycetes","Cantharellales","Ceratobasidiaceae","Rhizoctonia","Rhizoctonia solani","5","34","186","1300","8458","8612683","2555201","880","Presence"
"Colletotrichum pisi","SPECIES",99,"EXACT","Fungi","Ascomycota","Sordariomycetes","Glomerellales","Glomerellaceae","Colletotrichum","Colletotrichum pisi","5","95","320","9705517","2461","2563219","2568957","880","Presence"
"Fusarium oxysporum","SPECIES",99,"EXACT","Fungi","Ascomycota","Sordariomycetes","Hypocreales","Nectriaceae","Fusarium","Fusarium oxysporum","5","95","320","1290","4152","2554026","5251961","880","Presence"
"Fusarium solani","SPECIES",97,"EXACT","Fungi","Ascomycota","Sordariomycetes","Hypocreales","Nectriaceae","Fusarium","Fusarium solani","5","95","320","1290","4152","2554026","9581851","880","Presence"
"Arabidopsis","GENUS",94,"HIGHERRANK","Plantae","Tracheophyta","Magnoliopsida","Brassicales","Brassicaceae","Arabidopsis",NA,"6","7707728","220","7225535","3112","3052435",NA,"880","Presence"
