"canonicalName","rank","confidence","matchType","kingdom","phylum","class","order","family","genus","species","kingdomKey","phylumKey","classKey","orderKey","familyKey","genusKey","speciesKey","id","predicted_label","fruit","root","rhizoid","leaf","twig","branch","bark","stem","flower","shoot","seed","node","leaflet","pistil","anther","carpel","sepal","petal","stigma","style","ovary","calyx","corolla","peduncle","rachis","inflorescence","trunk","cork","bud","pollen","cone","tuber","bulb","corm","cladode","vascular bundle","xylem","phloem","cortex","endosperm","cotyledon","hypocotyl","epicotyl","flowering stem","internode","leaf vein","leaf blade","palmate","needle","fascicle","cuticle","stomata","vascular cambium","petiole","axil","phyllode","perianth","rachilla","pedicel","lateral root","taproot","root cap","root hair","lignin","pith","pericycle","parenchyma","colleter","scutellum","coleoptile","sporophyte","gametophyte"
"Sclerocarya birrea","SPECIES",97,"EXACT","Plantae","Tracheophyta","Magnoliopsida","Sapindales","Anacardiaceae","Sclerocarya","Sclerocarya birrea","6","7707728","220","933","2398","3190604","7160810",818,"Presence",0,0,0,0,0,0,0,0,0,0,0,0,0,0,0,0,0,0,0,0,0,0,0,0,0,0,0,0,0,0,0,0,0,0,0,0,0,0,0,0,0,0,0,0,0,0,0,0,0,0,0,0,0,0,0,0,0,0,0,0,0,0,0,0,0,0,0,0,0,0,0,0
"Alternaria alternata","SPECIES",99,"EXACT","Fungi","Ascomycota","Dothideomycetes","Pleosporales","Pleosporaceae","Alternaria","Alternaria alternata","5","95","183","1047","8315","7388975","2616163",818,"Presence",0,0,0,0,0,0,0,0,0,0,0,0,0,0,0,0,0,0,0,0,0,0,0,0,0,0,0,0,0,0,0,0,0,0,0,0,0,0,0,0,0,0,0,0,0,0,0,0,0,0,0,0,0,0,0,0,0,0,0,0,0,0,0,0,0,0,0,0,0,0,0,0
"Hordeum bogdanii","SPECIES",99,"EXACT","Plantae","Tracheophyta","Liliopsida","Poales","Poaceae","Hordeum","Hordeum bogdanii","6","7707728","196","1369","3073","2706050","4932614",118,"Presence",0,0,0,0,0,0,0,0,0,0,0,0,0,0,0,0,0,0,0,0,0,0,0,0,0,0,0,0,0,0,0,0,0,0,0,0,0,0,0,0,0,0,0,0,0,0,0,0,0,0,0,0,0,0,0,0,0,0,0,0,0,0,0,0,0,0,0,0,0,0,0,0
"Epichloe bromicola","SPECIES",99,"EXACT","Fungi","Ascomycota","Sordariomycetes","Hypocreales","Clavicipitaceae","Epichloe","Epichloe bromicola","5","95","320","1290","8417","7903719","3449875",118,"Presence",0,0,0,0,0,0,0,0,0,0,0,0,0,0,0,0,0,0,0,0,0,0,0,0,0,0,0,0,0,0,0,0,0,0,0,0,0,0,0,0,0,0,0,0,0,0,0,0,0,0,0,0,0,0,0,0,0,0,0,0,0,0,0,0,0,0,0,0,0,0,0,0
"Coffea arabica","SPECIES",98,"EXACT","Plantae","Tracheophyta","Magnoliopsida","Gentianales","Rubiaceae","Coffea","Coffea arabica","6","7707728","220","412","8798","2895315","2895345",299,"Presence",0,0,0,0,0,0,0,0,0,0,0,0,0,0,0,0,0,0,0,0,0,0,0,0,0,0,0,0,0,0,0,0,0,0,0,0,0,0,0,0,0,0,0,0,0,0,0,0,0,0,0,0,0,0,0,0,0,0,0,0,0,0,0,0,0,0,0,0,0,0,0,0
"Periconia atropurpurea","SPECIES",99,"EXACT","Fungi","Ascomycota","Dothideomycetes","Pleosporales","Periconiaceae","Periconia","Periconia atropurpurea","5","95","183","1047","3305389","2558252","2615376",229,"Presence",0,0,0,0,0,0,0,0,0,0,0,0,0,0,0,0,0,0,0,0,0,0,0,0,0,0,0,0,0,0,0,0,0,0,0,0,0,0,0,0,0,0,0,0,0,0,0,0,0,0,0,0,0,0,0,0,0,0,0,0,0,0,0,0,0,0,0,0,0,0,0,0
"Paris polyphylla","SPECIES",99,"EXACT","Plantae","Tracheophyta","Liliopsida","Liliales","Melanthiaceae","Paris","Paris polyphylla","6","7707728","196","1172","7700","2741835","5295929",244,"Presence",0,0,0,0,0,0,0,0,0,0,0,0,0,0,0,0,0,0,0,0,0,0,0,0,0,0,0,0,0,0,0,0,0,0,0,0,0,0,0,0,0,0,0,0,0,0,0,0,0,0,0,0,0,0,0,0,0,0,0,0,0,0,0,0,0,0,0,0,0,0,0,0
"Gliocladiopsis irregularis","SPECIES",99,"EXACT","Fungi","Ascomycota","Sordariomycetes","Hypocreales","Nectriaceae","Gliocladiopsis","Gliocladiopsis irregularis","5","95","320","1290","4152","8218230","2563093",244,"Presence",0,0,0,0,0,0,0,0,0,0,0,0,0,0,0,0,0,0,0,0,0,0,0,0,0,0,0,0,0,0,0,0,0,0,0,0,0,0,0,0,0,0,0,0,0,0,0,0,0,0,0,0,0,0,0,0,0,0,0,0,0,0,0,0,0,0,0,0,0,0,0,0
"Plectosphaerella cucumerina","SPECIES",99,"EXACT","Fungi","Ascomycota","Sordariomycetes","Glomerellales","Plectosphaerellaceae","Plectosphaerella","Plectosphaerella cucumerina","5","95","320","9705517","5729","2574420","5254402",244,"Presence",0,0,0,0,0,0,0,0,0,0,0,0,0,0,0,0,0,0,0,0,0,0,0,0,0,0,0,0,0,0,0,0,0,0,0,0,0,0,0,0,0,0,0,0,0,0,0,0,0,0,0,0,0,0,0,0,0,0,0,0,0,0,0,0,0,0,0,0,0,0,0,0
"Aspergillus fumigatus","SPECIES",99,"EXACT","Fungi","Ascomycota","Eurotiomycetes","Eurotiales","Aspergillaceae","Aspergillus","Aspergillus fumigatus","5","95","178","1040","3563703","8884233","5260010",244,"Presence",0,0,0,0,0,0,0,0,0,0,0,0,0,0,0,0,0,0,0,0,0,0,0,0,0,0,0,0,0,0,0,0,0,0,0,0,0,0,0,0,0,0,0,0,0,0,0,0,0,0,0,0,0,0,0,0,0,0,0,0,0,0,0,0,0,0,0,0,0,0,0,0
"Pestalotiopsis microspora","SPECIES",97,"EXACT","Fungi","Ascomycota","Sordariomycetes","Amphisphaeriales","Pestalotiopsidaceae","Pestalotiopsis","Pestalotiopsis microspora","5","95","320","9705438","9649543","2574855","2574966",374,"Presence",0,0,0,0,0,0,0,0,0,0,0,0,0,0,0,0,0,0,0,0,0,0,0,0,0,0,0,0,0,0,0,0,0,0,0,0,0,0,0,0,0,0,0,0,0,0,0,0,0,0,0,0,0,0,0,0,0,0,0,0,0,0,0,0,0,0,0,0,0,0,0,0
"Candida albicans","SPECIES",99,"EXACT","Fungi","Ascomycota","Saccharomycetes","Saccharomycetales","Debaryomycetaceae","Candida","Candida albicans","5","95","182","1281","5893341","2518121","2599597",374,"Presence",0,0,0,0,0,0,0,0,0,0,0,0,0,0,0,0,0,0,0,0,0,0,0,0,0,0,0,0,0,0,0,0,0,0,0,0,0,0,0,0,0,0,0,0,0,0,0,0,0,0,0,0,0,0,0,0,0,0,0,0,0,0,0,0,0,0,0,0,0,0,0,0
"Penicillium mariae-crucis","SPECIES",99,"EXACT","Fungi","Ascomycota","Eurotiomycetes","Eurotiales","Aspergillaceae","Penicillium","Penicillium mariae-crucis","5","95","178","1040","3563703","7635114","2598030",665,"Presence",0,0,0,0,0,0,0,0,0,0,0,0,0,0,0,0,0,0,0,0,0,0,0,0,0,0,0,0,0,0,0,0,0,0,0,0,0,0,0,0,0,0,0,0,0,0,0,0,0,0,0,0,0,0,0,0,0,0,0,0,0,0,0,0,0,0,0,0,0,0,0,0
"Paeonia lactiflora","SPECIES",99,"EXACT","Plantae","Tracheophyta","Magnoliopsida","Saxifragales","Paeoniaceae","Paeonia","Paeonia lactiflora","6","7707728","220","7219248","6711","3083483","3083486",665,"Presence",0,0,0,0,0,0,0,0,0,0,0,0,0,0,0,0,0,0,0,0,0,0,0,0,0,0,0,0,0,0,0,0,0,0,0,0,0,0,0,0,0,0,0,0,0,0,0,0,0,0,0,0,0,0,0,0,0,0,0,0,0,0,0,0,0,0,0,0,0,0,0,0
"Pestalotiopsis adusta","SPECIES",99,"EXACT","Fungi","Ascomycota","Sordariomycetes","Amphisphaeriales","Pestalotiopsidaceae","Pestalotiopsis","Pestalotiopsis adusta","5","95","320","9705438","9649543","2574855","2574898",602,"Presence",0,0,0,0,0,0,0,0,0,0,0,0,0,0,0,0,0,0,0,0,0,0,0,0,0,0,0,0,0,0,0,0,0,0,0,0,0,0,0,0,0,0,0,0,0,0,0,0,0,0,0,0,0,0,0,0,0,0,0,0,0,0,0,0,0,0,0,0,0,0,0,0
"Clerodendrum canescens","SPECIES",98,"EXACT","Plantae","Tracheophyta","Magnoliopsida","Lamiales","Lamiaceae","Clerodendrum","Clerodendrum canescens","6","7707728","220","408","2497","2925347","8014461",602,"Presence",0,0,0,0,0,0,0,0,0,0,0,0,0,0,0,0,0,0,0,0,0,0,0,0,0,0,0,0,0,0,0,0,0,0,0,0,0,0,0,0,0,0,0,0,0,0,0,0,0,0,0,0,0,0,0,0,0,0,0,0,0,0,0,0,0,0,0,0,0,0,0,0
NA,NA,NA,NA,NA,NA,NA,NA,NA,NA,NA,NA,NA,NA,NA,NA,NA,NA,603,"Presence",0,0,0,0,0,0,0,0,0,0,0,0,0,0,0,0,0,0,0,0,0,0,0,0,0,0,0,0,0,0,0,0,0,0,0,0,0,0,0,0,0,0,0,0,0,0,0,0,0,0,0,0,0,0,0,0,0,0,0,0,0,0,0,0,0,0,0,0,0,0,0,0
"Euphorbia royleana","SPECIES",99,"EXACT","Plantae","Tracheophyta","Magnoliopsida","Malpighiales","Euphorbiaceae","Euphorbia","Euphorbia royleana","6","7707728","220","1414","4691","11397237","3065786",768,"Presence",0,0,0,0,0,0,0,0,0,0,0,0,0,0,0,0,0,0,0,0,0,0,0,0,0,0,0,0,0,0,0,0,0,0,0,0,0,0,0,0,0,0,0,0,0,0,0,0,0,0,0,0,0,0,0,0,0,0,0,0,0,0,0,0,0,0,0,0,0,0,0,0
NA,NA,NA,NA,NA,NA,NA,NA,NA,NA,NA,NA,NA,NA,NA,NA,NA,NA,709,"Presence",0,0,0,0,0,0,0,0,0,0,0,0,0,0,0,0,0,0,0,0,0,0,0,0,0,0,0,0,0,0,0,0,0,0,0,0,0,0,0,0,0,0,0,0,0,0,0,0,0,0,0,0,0,0,0,0,0,0,0,0,0,0,0,0,0,0,0,0,0,0,0,0
"Nerium oleander","SPECIES",99,"EXACT","Plantae","Tracheophyta","Magnoliopsida","Gentianales","Apocynaceae","Nerium","Nerium oleander","6","7707728","220","412","6701","3169755","3169756",91,"Presence",0,0,0,0,0,0,0,0,0,0,0,0,0,0,0,0,0,0,0,0,0,0,0,0,0,0,0,0,0,0,0,0,0,0,0,0,0,0,0,0,0,0,0,0,0,0,0,0,0,0,0,0,0,0,0,0,0,0,0,0,0,0,0,0,0,0,0,0,0,0,0,0
"Aloe vera","SPECIES",97,"EXACT","Plantae","Tracheophyta","Liliopsida","Asparagales","Asphodelaceae","Aloe","Aloe vera","6","7707728","196","1169","4259209","2770879","2777724",348,"Presence",0,0,0,0,0,0,0,0,0,0,0,0,0,0,0,0,0,0,0,0,0,0,0,0,0,0,0,0,0,0,0,0,0,0,0,0,0,0,0,0,0,0,0,0,0,0,0,0,0,0,0,0,0,0,0,0,0,0,0,0,0,0,0,0,0,0,0,0,0,0,0,0
"Preussia africana","SPECIES",99,"EXACT","Fungi","Ascomycota","Dothideomycetes","Pleosporales","Sporormiaceae","Preussia","Preussia africana","5","95","183","1047","4822","6587163","5510661",348,"Presence",0,0,0,0,0,0,0,0,0,0,0,0,0,0,0,0,0,0,0,0,0,0,0,0,0,0,0,0,0,0,0,0,0,0,0,0,0,0,0,0,0,0,0,0,0,0,0,0,0,0,0,0,0,0,0,0,0,0,0,0,0,0,0,0,0,0,0,0,0,0,0,0
NA,NA,NA,NA,NA,NA,NA,NA,NA,NA,NA,NA,NA,NA,NA,NA,NA,NA,649,"Presence",0,0,0,0,0,0,0,1,0,0,0,0,0,0,0,0,0,0,0,0,0,0,0,0,0,0,0,0,0,0,0,0,0,0,0,0,0,0,0,0,0,0,0,0,0,0,0,0,0,0,0,0,0,0,0,0,0,0,0,0,0,0,0,0,0,0,0,0,0,0,0,0
"Pestalotiopsis fici","SPECIES",99,"EXACT","Fungi","Ascomycota","Sordariomycetes","Amphisphaeriales","Pestalotiopsidaceae","Pestalotiopsis","Pestalotiopsis fici","5","95","320","9705438","9649543","2574855","2574951",840,"Presence",0,0,0,0,0,0,0,0,0,0,0,0,0,0,0,0,0,0,0,0,0,0,0,0,0,0,0,0,0,0,0,0,0,0,0,0,0,0,0,0,0,0,0,0,0,0,0,0,0,0,0,0,0,0,0,0,0,0,0,0,0,0,0,0,0,0,0,0,0,0,0,0
"Alternaria alternata","SPECIES",99,"EXACT","Fungi","Ascomycota","Dothideomycetes","Pleosporales","Pleosporaceae","Alternaria","Alternaria alternata","5","95","183","1047","8315","7388975","2616163",519,"Presence",0,0,0,0,0,0,0,0,0,0,0,0,0,0,0,0,0,0,0,0,0,0,0,0,0,0,0,0,0,0,0,0,0,0,0,0,0,0,0,0,0,0,0,0,0,0,0,0,0,0,0,0,0,0,0,0,0,0,0,0,0,0,0,0,0,0,0,0,0,0,0,0
"Cladosporium herbarum","SPECIES",97,"EXACT","Fungi","Ascomycota","Dothideomycetes","Capnodiales","Cladosporiaceae","Cladosporium","Cladosporium herbarum","5","95","183","1262","3563987","2518208","2620585",519,"Presence",0,0,0,0,0,0,0,0,0,0,0,0,0,0,0,0,0,0,0,0,0,0,0,0,0,0,0,0,0,0,0,0,0,0,0,0,0,0,0,0,0,0,0,0,0,0,0,0,0,0,0,0,0,0,0,0,0,0,0,0,0,0,0,0,0,0,0,0,0,0,0,0
"Epicoccum nigrum","SPECIES",97,"EXACT","Fungi","Ascomycota","Dothideomycetes","Pleosporales","Didymellaceae","Epicoccum","Epicoccum nigrum","5","95","183","1047","3281822","2562153","2617206",519,"Presence",0,0,0,0,0,0,0,0,0,0,0,0,0,0,0,0,0,0,0,0,0,0,0,0,0,0,0,0,0,0,0,0,0,0,0,0,0,0,0,0,0,0,0,0,0,0,0,0,0,0,0,0,0,0,0,0,0,0,0,0,0,0,0,0,0,0,0,0,0,0,0,0
"Fusarium graminearum","SPECIES",99,"EXACT","Fungi","Ascomycota","Sordariomycetes","Hypocreales","Nectriaceae","Fusarium","Fusarium graminearum","5","95","320","1290","4152","2554026","5251676",519,"Presence",0,0,0,0,0,0,0,0,0,0,0,0,0,0,0,0,0,0,0,0,0,0,0,0,0,0,0,0,0,0,0,0,0,0,0,0,0,0,0,0,0,0,0,0,0,0,0,0,0,0,0,0,0,0,0,0,0,0,0,0,0,0,0,0,0,0,0,0,0,0,0,0
"Siraitia grosvenorii","SPECIES",97,"EXACT","Plantae","Tracheophyta","Magnoliopsida","Cucurbitales","Cucurbitaceae","Siraitia","Siraitia grosvenorii","6","7707728","220","7224005","6634","7317580","3623059",426,"Presence",1,1,0,1,0,0,0,1,0,0,0,0,0,0,0,0,0,0,0,0,0,0,0,0,0,0,0,0,0,0,0,0,0,0,0,0,0,0,0,0,0,0,0,0,0,0,0,0,0,0,0,0,0,0,0,0,0,0,0,0,0,0,0,0,0,0,0,0,0,0,0,0
"Fusarium solani","SPECIES",97,"EXACT","Fungi","Ascomycota","Sordariomycetes","Hypocreales","Nectriaceae","Fusarium","Fusarium solani","5","95","320","1290","4152","2554026","9581851",426,"Presence",1,1,0,1,0,0,0,1,0,0,0,0,0,0,0,0,0,0,0,0,0,0,0,0,0,0,0,0,0,0,0,0,0,0,0,0,0,0,0,0,0,0,0,0,0,0,0,0,0,0,0,0,0,0,0,0,0,0,0,0,0,0,0,0,0,0,0,0,0,0,0,0
NA,NA,NA,NA,NA,NA,NA,NA,NA,NA,NA,NA,NA,NA,NA,NA,NA,NA,766,"Presence",0,0,0,0,0,0,0,0,0,0,0,0,0,0,0,0,0,0,0,0,0,0,0,0,0,0,0,0,0,0,0,0,0,0,0,0,0,0,0,0,0,0,0,0,0,0,0,0,0,0,0,0,0,0,0,0,0,0,0,0,0,0,0,0,0,0,0,0,0,0,0,0
NA,NA,NA,NA,NA,NA,NA,NA,NA,NA,NA,NA,NA,NA,NA,NA,NA,NA,211,"Presence",0,0,0,0,0,0,0,0,0,0,0,0,0,0,0,0,0,0,0,0,0,0,0,0,0,0,0,0,0,0,0,0,0,0,0,0,0,0,0,0,0,0,0,0,0,0,0,0,0,0,0,0,0,0,0,0,0,0,0,0,0,0,0,0,0,0,0,0,0,0,0,0
"Aspergillus nidulans","SPECIES",99,"EXACT","Fungi","Ascomycota","Eurotiomycetes","Eurotiales","Aspergillaceae","Aspergillus","Aspergillus nidulans","5","95","178","1040","3563703","8884233","5260160",932,"Presence",0,0,0,0,0,0,0,0,0,0,0,0,0,0,0,0,0,0,0,0,0,0,0,0,0,0,0,0,0,0,0,0,0,0,0,0,0,0,0,0,0,0,0,0,0,0,0,0,0,0,0,0,0,0,0,0,0,0,0,0,0,0,0,0,0,0,0,0,0,0,0,0
"Rhizophora stylosa","SPECIES",99,"EXACT","Plantae","Tracheophyta","Magnoliopsida","Malpighiales","Rhizophoraceae","Rhizophora","Rhizophora stylosa","6","7707728","220","1414","6671","3086525","3874022",932,"Presence",0,0,0,0,0,0,0,0,0,0,0,0,0,0,0,0,0,0,0,0,0,0,0,0,0,0,0,0,0,0,0,0,0,0,0,0,0,0,0,0,0,0,0,0,0,0,0,0,0,0,0,0,0,0,0,0,0,0,0,0,0,0,0,0,0,0,0,0,0,0,0,0
NA,NA,NA,NA,NA,NA,NA,NA,NA,NA,NA,NA,NA,NA,NA,NA,NA,NA,590,"Presence",0,1,0,0,0,0,0,0,0,0,0,0,0,0,0,0,0,0,0,0,0,0,0,0,0,0,0,0,0,0,0,0,0,0,0,0,0,0,0,0,0,0,0,0,0,0,0,0,0,0,0,0,0,0,0,0,0,0,0,0,0,0,0,0,0,0,0,0,0,0,0,0
"Alternaria alternata","SPECIES",99,"EXACT","Fungi","Ascomycota","Dothideomycetes","Pleosporales","Pleosporaceae","Alternaria","Alternaria alternata","5","95","183","1047","8315","7388975","2616163",555,"Presence",0,0,0,0,0,0,1,0,0,0,0,0,0,0,0,0,0,0,0,0,0,0,0,0,0,0,0,0,0,0,0,0,0,0,0,0,1,0,0,0,0,0,0,0,0,0,0,0,1,0,0,0,0,0,0,0,0,0,0,0,0,0,0,0,0,0,0,0,0,0,0,0
"Pestalotiopsis besseyi","SPECIES",99,"EXACT","Fungi","Ascomycota","Sordariomycetes","Amphisphaeriales","Pestalotiopsidaceae","Pestalotiopsis","Pestalotiopsis besseyi","5","95","320","9705438","9649543","2574855","2574933",555,"Presence",0,0,0,0,0,0,1,0,0,0,0,0,0,0,0,0,0,0,0,0,0,0,0,0,0,0,0,0,0,0,0,0,0,0,0,0,1,0,0,0,0,0,0,0,0,0,0,0,1,0,0,0,0,0,0,0,0,0,0,0,0,0,0,0,0,0,0,0,0,0,0,0
"Phomopsis archeri","SPECIES",99,"EXACT","Fungi","Ascomycota","Sordariomycetes","Diaporthales","Diaporthaceae","Phomopsis","Phomopsis archeri","5","95","320","1289","4146","2577612","5253282",555,"Presence",0,0,0,0,0,0,1,0,0,0,0,0,0,0,0,0,0,0,0,0,0,0,0,0,0,0,0,0,0,0,0,0,0,0,0,0,1,0,0,0,0,0,0,0,0,0,0,0,1,0,0,0,0,0,0,0,0,0,0,0,0,0,0,0,0,0,0,0,0,0,0,0
NA,NA,NA,NA,NA,NA,NA,NA,NA,NA,NA,NA,NA,NA,NA,NA,NA,NA,871,"Presence",0,0,0,0,0,0,0,0,0,0,0,0,0,0,0,0,0,0,0,0,0,0,0,0,0,0,0,0,0,0,0,0,0,0,0,0,0,0,0,0,0,0,0,0,0,0,0,0,0,0,0,0,0,0,0,0,0,0,0,0,0,0,0,0,0,0,0,0,0,0,0,0
"Cephalotaxus hainanensis","SPECIES",99,"EXACT","Plantae","Tracheophyta","Pinopsida","Pinales","Cephalotaxaceae","Cephalotaxus","Cephalotaxus hainanensis","6","7707728","194","640","8143","2685260","2685278",373,"Presence",0,0,0,0,0,0,0,0,0,0,0,0,0,0,0,0,0,0,0,0,0,0,0,0,0,0,0,0,0,0,0,0,0,0,0,0,0,0,0,0,0,0,0,0,0,0,0,0,0,0,0,0,0,0,0,0,0,0,0,0,0,0,0,0,0,0,0,0,0,0,0,0
"Colletotrichum boninense","SPECIES",99,"EXACT","Fungi","Ascomycota","Sordariomycetes","Glomerellales","Glomerellaceae","Colletotrichum","Colletotrichum boninense","5","95","320","9705517","2461","2563219","2568785",373,"Presence",0,0,0,0,0,0,0,0,0,0,0,0,0,0,0,0,0,0,0,0,0,0,0,0,0,0,0,0,0,0,0,0,0,0,0,0,0,0,0,0,0,0,0,0,0,0,0,0,0,0,0,0,0,0,0,0,0,0,0,0,0,0,0,0,0,0,0,0,0,0,0,0
"Rhizoctonia solani","SPECIES",99,"EXACT","Fungi","Basidiomycota","Agaricomycetes","Cantharellales","Ceratobasidiaceae","Rhizoctonia","Rhizoctonia solani","5","34","186","1300","8458","8612683","2555201",373,"Presence",0,0,0,0,0,0,0,0,0,0,0,0,0,0,0,0,0,0,0,0,0,0,0,0,0,0,0,0,0,0,0,0,0,0,0,0,0,0,0,0,0,0,0,0,0,0,0,0,0,0,0,0,0,0,0,0,0,0,0,0,0,0,0,0,0,0,0,0,0,0,0,0
"Sclerotinia sclerotiorum","SPECIES",99,"EXACT","Fungi","Ascomycota","Leotiomycetes","Helotiales","Sclerotiniaceae","Sclerotinia","Sclerotinia sclerotiorum","5","95","179","1052","8385","2580402","2583154",373,"Presence",0,0,0,0,0,0,0,0,0,0,0,0,0,0,0,0,0,0,0,0,0,0,0,0,0,0,0,0,0,0,0,0,0,0,0,0,0,0,0,0,0,0,0,0,0,0,0,0,0,0,0,0,0,0,0,0,0,0,0,0,0,0,0,0,0,0,0,0,0,0,0,0
"Fusarium oxysporum","SPECIES",99,"EXACT","Fungi","Ascomycota","Sordariomycetes","Hypocreales","Nectriaceae","Fusarium","Fusarium oxysporum","5","95","320","1290","4152","2554026","5251961",373,"Presence",0,0,0,0,0,0,0,0,0,0,0,0,0,0,0,0,0,0,0,0,0,0,0,0,0,0,0,0,0,0,0,0,0,0,0,0,0,0,0,0,0,0,0,0,0,0,0,0,0,0,0,0,0,0,0,0,0,0,0,0,0,0,0,0,0,0,0,0,0,0,0,0
"Rehmannia glutinosa","SPECIES",97,"EXACT","Plantae","Tracheophyta","Magnoliopsida","Lamiales","Rehmanniaceae","Rehmannia","Rehmannia glutinosa","6","7707728","220","408","3788605","3233410","7516558",844,"Presence",0,0,0,0,0,0,0,0,0,0,0,0,0,0,0,0,0,0,0,0,0,0,0,0,0,0,0,0,0,0,0,0,0,0,0,0,0,0,0,0,0,0,0,0,0,0,0,0,0,0,0,0,0,0,0,0,0,0,0,0,0,0,0,0,0,0,0,0,0,0,0,0
"Candida albicans","SPECIES",99,"EXACT","Fungi","Ascomycota","Saccharomycetes","Saccharomycetales","Debaryomycetaceae","Candida","Candida albicans","5","95","182","1281","5893341","2518121","2599597",143,"Presence",0,0,0,0,0,0,0,0,0,0,0,0,0,0,0,0,0,0,0,0,0,0,0,0,0,0,0,0,0,0,0,0,0,0,0,0,0,0,0,0,0,0,0,0,0,0,0,0,0,0,0,0,0,0,0,0,0,0,0,0,0,0,0,0,0,0,0,0,0,0,0,0
"Herbertus herpocladioides","SPECIES",99,"EXACT","Plantae","Marchantiophyta","Jungermanniopsida","Jungermanniales","Herbertaceae","Herbertus","Herbertus herpocladioides","6","9","126","381","2282","2689385","7878959",143,"Presence",0,0,0,0,0,0,0,0,0,0,0,0,0,0,0,0,0,0,0,0,0,0,0,0,0,0,0,0,0,0,0,0,0,0,0,0,0,0,0,0,0,0,0,0,0,0,0,0,0,0,0,0,0,0,0,0,0,0,0,0,0,0,0,0,0,0,0,0,0,0,0,0
"Alternaria citriarbusti","SPECIES",99,"EXACT","Fungi","Ascomycota","Dothideomycetes","Pleosporales","Pleosporaceae","Alternaria","Alternaria citriarbusti","5","95","183","1047","8315","7388975","3531327",143,"Presence",0,0,0,0,0,0,0,0,0,0,0,0,0,0,0,0,0,0,0,0,0,0,0,0,0,0,0,0,0,0,0,0,0,0,0,0,0,0,0,0,0,0,0,0,0,0,0,0,0,0,0,0,0,0,0,0,0,0,0,0,0,0,0,0,0,0,0,0,0,0,0,0
"Enhalus acoroides","SPECIES",97,"EXACT","Plantae","Tracheophyta","Liliopsida","Alismatales","Hydrocharitaceae","Enhalus","Enhalus acoroides","6","7707728","196","551","3721","2866112","2866113",544,"Presence",0,0,0,0,0,0,0,0,0,0,0,0,0,0,0,0,0,0,0,0,0,0,0,0,0,0,0,0,0,0,0,0,0,0,0,0,0,0,0,0,0,0,0,0,0,0,0,0,0,0,0,0,0,0,0,0,0,0,0,0,0,0,0,0,0,0,0,0,0,0,0,0
"Microsporum gypseum","SPECIES",99,"EXACT","Fungi","Ascomycota","Eurotiomycetes","Onygenales","Arthrodermataceae","Microsporum","Microsporum gypseum","5","95","178","1041","4831","2518112","3468777",544,"Presence",0,0,0,0,0,0,0,0,0,0,0,0,0,0,0,0,0,0,0,0,0,0,0,0,0,0,0,0,0,0,0,0,0,0,0,0,0,0,0,0,0,0,0,0,0,0,0,0,0,0,0,0,0,0,0,0,0,0,0,0,0,0,0,0,0,0,0,0,0,0,0,0
"Candida albicans","SPECIES",99,"EXACT","Fungi","Ascomycota","Saccharomycetes","Saccharomycetales","Debaryomycetaceae","Candida","Candida albicans","5","95","182","1281","5893341","2518121","2599597",490,"Presence",0,0,0,0,0,0,0,0,0,0,0,0,0,0,0,0,0,0,0,0,0,0,0,0,0,0,0,0,0,0,0,0,0,0,0,0,0,0,0,0,0,0,0,0,0,0,0,0,0,0,0,0,0,0,0,0,0,0,0,0,0,0,0,0,0,0,0,0,0,0,0,0
"Quercus variabilis","SPECIES",99,"EXACT","Plantae","Tracheophyta","Magnoliopsida","Fagales","Fagaceae","Quercus","Quercus variabilis","6","7707728","220","1354","4689","2877951","2879787",490,"Presence",0,0,0,0,0,0,0,0,0,0,0,0,0,0,0,0,0,0,0,0,0,0,0,0,0,0,0,0,0,0,0,0,0,0,0,0,0,0,0,0,0,0,0,0,0,0,0,0,0,0,0,0,0,0,0,0,0,0,0,0,0,0,0,0,0,0,0,0,0,0,0,0
"Trichophyton rubrum","SPECIES",99,"EXACT","Fungi","Ascomycota","Eurotiomycetes","Onygenales","Arthrodermataceae","Trichophyton","Trichophyton rubrum","5","95","178","1041","4831","2595868","2596156",490,"Presence",0,0,0,0,0,0,0,0,0,0,0,0,0,0,0,0,0,0,0,0,0,0,0,0,0,0,0,0,0,0,0,0,0,0,0,0,0,0,0,0,0,0,0,0,0,0,0,0,0,0,0,0,0,0,0,0,0,0,0,0,0,0,0,0,0,0,0,0,0,0,0,0
"Aspergillus niger","SPECIES",99,"EXACT","Fungi","Ascomycota","Eurotiomycetes","Eurotiales","Aspergillaceae","Aspergillus","Aspergillus niger","5","95","178","1040","3563703","8884233","3465658",490,"Presence",0,0,0,0,0,0,0,0,0,0,0,0,0,0,0,0,0,0,0,0,0,0,0,0,0,0,0,0,0,0,0,0,0,0,0,0,0,0,0,0,0,0,0,0,0,0,0,0,0,0,0,0,0,0,0,0,0,0,0,0,0,0,0,0,0,0,0,0,0,0,0,0
"Epidermophyton floccosum","SPECIES",99,"EXACT","Fungi","Ascomycota","Eurotiomycetes","Onygenales","Arthrodermataceae","Epidermophyton","Epidermophyton floccosum","5","95","178","1041","4831","8308920","7252831",490,"Presence",0,0,0,0,0,0,0,0,0,0,0,0,0,0,0,0,0,0,0,0,0,0,0,0,0,0,0,0,0,0,0,0,0,0,0,0,0,0,0,0,0,0,0,0,0,0,0,0,0,0,0,0,0,0,0,0,0,0,0,0,0,0,0,0,0,0,0,0,0,0,0,0
"Microsporum canis","SPECIES",98,"EXACT","Fungi","Ascomycota","Eurotiomycetes","Onygenales","Arthrodermataceae","Microsporum","Microsporum canis","5","95","178","1041","4831","2518112","7252793",490,"Presence",0,0,0,0,0,0,0,0,0,0,0,0,0,0,0,0,0,0,0,0,0,0,0,0,0,0,0,0,0,0,0,0,0,0,0,0,0,0,0,0,0,0,0,0,0,0,0,0,0,0,0,0,0,0,0,0,0,0,0,0,0,0,0,0,0,0,0,0,0,0,0,0
"Aspergillus nidulans","SPECIES",99,"EXACT","Fungi","Ascomycota","Eurotiomycetes","Eurotiales","Aspergillaceae","Aspergillus","Aspergillus nidulans","5","95","178","1040","3563703","8884233","5260160",621,"Presence",0,0,0,0,0,0,0,0,0,0,0,0,0,0,0,0,0,0,0,0,0,0,0,0,0,0,0,0,0,0,0,0,0,0,0,0,0,0,0,0,0,0,0,0,0,0,0,0,0,0,0,0,0,0,0,0,0,0,0,0,0,0,0,0,0,0,0,0,0,0,0,0
"Cynanchum bungei","SPECIES",99,"EXACT","Plantae","Tracheophyta","Magnoliopsida","Gentianales","Apocynaceae","Cynanchum","Cynanchum bungei","6","7707728","220","412","6701","3170354","3581737",775,"Presence",0,0,0,0,0,0,0,0,0,0,0,0,0,0,0,0,0,0,0,0,0,0,0,0,0,0,0,0,0,0,0,0,0,0,0,0,0,0,0,0,0,0,0,0,0,0,0,0,0,0,0,0,0,0,0,0,0,0,0,0,0,0,0,0,0,0,0,0,0,0,0,0
"Rhizoctonia solani","SPECIES",99,"EXACT","Fungi","Basidiomycota","Agaricomycetes","Cantharellales","Ceratobasidiaceae","Rhizoctonia","Rhizoctonia solani","5","34","186","1300","8458","8612683","2555201",905,"Presence",0,0,0,0,0,0,0,0,0,0,0,0,0,0,0,0,0,0,0,0,0,0,0,0,0,0,0,0,0,0,0,0,0,0,0,0,0,0,0,0,0,0,0,0,0,0,0,0,0,0,0,0,0,0,0,0,0,0,0,0,0,0,0,0,0,0,0,0,0,0,0,0
"Prunus persica","SPECIES",97,"EXACT","Plantae","Tracheophyta","Magnoliopsida","Rosales","Rosaceae","Prunus","Prunus persica","6","7707728","220","691","5015","3020559","8149923",905,"Presence",0,0,0,0,0,0,0,0,0,0,0,0,0,0,0,0,0,0,0,0,0,0,0,0,0,0,0,0,0,0,0,0,0,0,0,0,0,0,0,0,0,0,0,0,0,0,0,0,0,0,0,0,0,0,0,0,0,0,0,0,0,0,0,0,0,0,0,0,0,0,0,0
"Globba patens","SPECIES",99,"EXACT","Plantae","Tracheophyta","Liliopsida","Zingiberales","Zingiberaceae","Globba","Globba patens","6","7707728","196","627","4687","2756692","2757951",937,"Presence",0,0,0,0,0,0,0,0,0,0,0,0,0,0,0,0,0,0,0,0,0,0,0,0,0,0,0,0,0,0,0,0,0,0,0,0,0,0,0,0,0,0,0,0,0,0,0,0,0,0,0,0,0,0,0,0,0,0,0,0,0,0,0,0,0,0,0,0,0,0,0,0
"Colletotrichum siamense","SPECIES",99,"EXACT","Fungi","Ascomycota","Sordariomycetes","Glomerellales","Glomerellaceae","Colletotrichum","Colletotrichum siamense","5","95","320","9705517","2461","2563219","8184256",937,"Presence",0,0,0,0,0,0,0,0,0,0,0,0,0,0,0,0,0,0,0,0,0,0,0,0,0,0,0,0,0,0,0,0,0,0,0,0,0,0,0,0,0,0,0,0,0,0,0,0,0,0,0,0,0,0,0,0,0,0,0,0,0,0,0,0,0,0,0,0,0,0,0,0
"Stipa krylovii","SPECIES",99,"EXACT","Plantae","Tracheophyta","Liliopsida","Poales","Poaceae","Stipa","Stipa krylovii","6","7707728","196","1369","3073","2704463","2704472",842,"Presence",0,0,0,0,0,0,0,0,0,0,0,0,0,0,0,0,0,0,0,0,0,0,0,0,0,0,0,0,0,0,0,0,0,0,0,0,0,0,0,0,0,0,0,0,0,0,0,0,0,0,0,0,0,0,0,0,0,0,0,0,0,0,0,0,0,0,0,0,0,0,0,0
"Dendrobium huoshanense","SPECIES",99,"EXACT","Plantae","Tracheophyta","Liliopsida","Asparagales","Orchidaceae","Dendrobium","Dendrobium huoshanense","6","7707728","196","1169","7689","2821327","5317552",923,"Presence",0,0,0,0,0,0,0,0,0,0,0,0,0,0,0,0,0,0,0,0,0,0,0,0,0,0,0,0,0,0,0,0,0,0,0,0,0,0,0,0,0,0,0,0,0,0,0,0,0,0,0,0,0,0,0,0,0,0,0,0,0,0,0,0,0,0,0,0,0,0,0,0
"Aspilia grazielae","SPECIES",99,"EXACT","Plantae","Tracheophyta","Magnoliopsida","Asterales","Asteraceae","Aspilia","Aspilia grazielae","6","7707728","220","414","3065","8045475","5396338",956,"Presence",0,1,0,1,0,0,0,0,0,0,0,0,0,0,0,0,0,0,0,0,0,0,0,0,0,0,0,0,0,0,0,0,0,0,0,0,0,0,0,0,0,0,0,0,0,0,0,0,0,0,0,0,0,0,0,0,0,0,0,0,0,0,0,0,0,0,0,0,0,0,0,0
"Kadsura angustifolia","SPECIES",99,"EXACT","Plantae","Tracheophyta","Magnoliopsida","Austrobaileyales","Schisandraceae","Kadsura","Kadsura angustifolia","6","7707728","220","7221318","6691","7335127","3745210",309,"Presence",0,0,0,0,0,0,0,0,0,0,0,0,0,0,0,0,0,0,0,0,0,0,0,0,0,0,0,0,0,0,0,0,0,0,0,0,0,0,0,0,0,0,0,0,0,0,0,0,0,0,0,0,0,0,0,0,0,0,0,0,0,0,0,0,0,0,0,0,0,0,0,0
"Verticillium dahliae","SPECIES",99,"EXACT","Fungi","Ascomycota","Sordariomycetes","Glomerellales","Plectosphaerellaceae","Verticillium","Verticillium dahliae","5","95","320","9705517","5729","9535878","2569149",309,"Presence",0,0,0,0,0,0,0,0,0,0,0,0,0,0,0,0,0,0,0,0,0,0,0,0,0,0,0,0,0,0,0,0,0,0,0,0,0,0,0,0,0,0,0,0,0,0,0,0,0,0,0,0,0,0,0,0,0,0,0,0,0,0,0,0,0,0,0,0,0,0,0,0
"Forsythia suspensa","SPECIES",99,"EXACT","Plantae","Tracheophyta","Magnoliopsida","Lamiales","Oleaceae","Forsythia","Forsythia suspensa","6","7707728","220","408","6652","3172281","5415056",135,"Presence",1,0,0,0,0,0,0,0,0,0,0,0,0,0,0,0,0,0,0,0,0,0,0,0,0,0,0,0,0,0,0,0,0,0,0,0,0,0,0,0,0,0,0,0,0,0,0,0,0,0,0,0,0,0,0,0,0,0,0,0,0,0,0,0,0,0,0,0,0,0,0,0
"Colletotrichum gloeosporioides","SPECIES",99,"EXACT","Fungi","Ascomycota","Sordariomycetes","Glomerellales","Glomerellaceae","Colletotrichum","Colletotrichum gloeosporioides","5","95","320","9705517","2461","2563219","2569005",135,"Presence",1,0,0,0,0,0,0,0,0,0,0,0,0,0,0,0,0,0,0,0,0,0,0,0,0,0,0,0,0,0,0,0,0,0,0,0,0,0,0,0,0,0,0,0,0,0,0,0,0,0,0,0,0,0,0,0,0,0,0,0,0,0,0,0,0,0,0,0,0,0,0,0
"Sclerotinia sclerotiorum","SPECIES",99,"EXACT","Fungi","Ascomycota","Leotiomycetes","Helotiales","Sclerotiniaceae","Sclerotinia","Sclerotinia sclerotiorum","5","95","179","1052","8385","2580402","2583154",821,"Presence",0,1,0,0,0,0,0,0,0,0,0,0,0,0,0,0,0,0,0,0,0,0,0,0,0,0,0,0,0,0,0,0,0,0,0,0,0,0,0,0,0,0,0,0,0,0,0,0,0,0,0,0,0,0,0,0,0,0,0,0,0,0,0,0,0,0,0,0,0,0,0,0
"Fusarium oxysporum","SPECIES",99,"EXACT","Fungi","Ascomycota","Sordariomycetes","Hypocreales","Nectriaceae","Fusarium","Fusarium oxysporum","5","95","320","1290","4152","2554026","5251961",821,"Presence",0,1,0,0,0,0,0,0,0,0,0,0,0,0,0,0,0,0,0,0,0,0,0,0,0,0,0,0,0,0,0,0,0,0,0,0,0,0,0,0,0,0,0,0,0,0,0,0,0,0,0,0,0,0,0,0,0,0,0,0,0,0,0,0,0,0,0,0,0,0,0,0
"Brassica oleracea","SPECIES",98,"EXACT","Plantae","Tracheophyta","Magnoliopsida","Brassicales","Brassicaceae","Brassica","Brassica oleracea","6","7707728","220","7225535","3112","3042506","3042845",821,"Presence",0,1,0,0,0,0,0,0,0,0,0,0,0,0,0,0,0,0,0,0,0,0,0,0,0,0,0,0,0,0,0,0,0,0,0,0,0,0,0,0,0,0,0,0,0,0,0,0,0,0,0,0,0,0,0,0,0,0,0,0,0,0,0,0,0,0,0,0,0,0,0,0
"Acrocalymma vagum","SPECIES",99,"EXACT","Fungi","Ascomycota","Dothideomycetes","Pleosporales","Acrocalymmaceae","Acrocalymma","Acrocalymma vagum","5","95","183","1047","7440271","2615649","9656174",821,"Presence",0,1,0,0,0,0,0,0,0,0,0,0,0,0,0,0,0,0,0,0,0,0,0,0,0,0,0,0,0,0,0,0,0,0,0,0,0,0,0,0,0,0,0,0,0,0,0,0,0,0,0,0,0,0,0,0,0,0,0,0,0,0,0,0,0,0,0,0,0,0,0,0
"Setophoma terrestris","SPECIES",99,"EXACT","Fungi","Ascomycota","Dothideomycetes","Pleosporales","Phaeosphaeriaceae","Setophoma","Setophoma terrestris","5","95","183","1047","8312","8023907","7436896",821,"Presence",0,1,0,0,0,0,0,0,0,0,0,0,0,0,0,0,0,0,0,0,0,0,0,0,0,0,0,0,0,0,0,0,0,0,0,0,0,0,0,0,0,0,0,0,0,0,0,0,0,0,0,0,0,0,0,0,0,0,0,0,0,0,0,0,0,0,0,0,0,0,0,0
"Leptosphaeria maculans","SPECIES",97,"EXACT","Fungi","Ascomycota","Dothideomycetes","Pleosporales","Leptosphaeriaceae","Leptosphaeria","Leptosphaeria maculans","5","95","183","1047","8307","7981442","8508382",821,"Presence",0,1,0,0,0,0,0,0,0,0,0,0,0,0,0,0,0,0,0,0,0,0,0,0,0,0,0,0,0,0,0,0,0,0,0,0,0,0,0,0,0,0,0,0,0,0,0,0,0,0,0,0,0,0,0,0,0,0,0,0,0,0,0,0,0,0,0,0,0,0,0,0
"Suaeda australis","SPECIES",99,"EXACT","Plantae","Tracheophyta","Magnoliopsida","Caryophyllales","Amaranthaceae","Suaeda","Suaeda australis","6","7707728","220","422","3064","7677792","3757896",959,"Presence",0,1,0,0,0,0,0,0,0,0,0,0,0,0,0,0,0,0,0,0,0,0,0,0,0,0,0,0,0,0,0,0,0,0,0,0,0,0,0,0,0,0,0,0,0,0,0,0,0,0,0,0,0,0,0,0,0,0,0,0,0,0,0,0,0,0,0,0,0,0,0,0
"Phragmites australis","SPECIES",97,"EXACT","Plantae","Tracheophyta","Liliopsida","Poales","Poaceae","Phragmites","Phragmites australis","6","7707728","196","1369","3073","2705783","5290149",959,"Presence",0,1,0,0,0,0,0,0,0,0,0,0,0,0,0,0,0,0,0,0,0,0,0,0,0,0,0,0,0,0,0,0,0,0,0,0,0,0,0,0,0,0,0,0,0,0,0,0,0,0,0,0,0,0,0,0,0,0,0,0,0,0,0,0,0,0,0,0,0,0,0,0
"Suaeda maritima","SPECIES",97,"EXACT","Plantae","Tracheophyta","Magnoliopsida","Caryophyllales","Amaranthaceae","Suaeda","Suaeda maritima","6","7707728","220","422","3064","7677792","3083541",959,"Presence",0,1,0,0,0,0,0,0,0,0,0,0,0,0,0,0,0,0,0,0,0,0,0,0,0,0,0,0,0,0,0,0,0,0,0,0,0,0,0,0,0,0,0,0,0,0,0,0,0,0,0,0,0,0,0,0,0,0,0,0,0,0,0,0,0,0,0,0,0,0,0,0
"Suaeda glauca","SPECIES",99,"EXACT","Plantae","Tracheophyta","Magnoliopsida","Caryophyllales","Amaranthaceae","Suaeda","Suaeda glauca","6","7707728","220","422","3064","7677792","7339791",959,"Presence",0,1,0,0,0,0,0,0,0,0,0,0,0,0,0,0,0,0,0,0,0,0,0,0,0,0,0,0,0,0,0,0,0,0,0,0,0,0,0,0,0,0,0,0,0,0,0,0,0,0,0,0,0,0,0,0,0,0,0,0,0,0,0,0,0,0,0,0,0,0,0,0
"Limonium tetragonum","SPECIES",99,"EXACT","Plantae","Tracheophyta","Magnoliopsida","Caryophyllales","Plumbaginaceae","Limonium","Limonium tetragonum","6","7707728","220","422","2419","3082293","4089032",959,"Presence",0,1,0,0,0,0,0,0,0,0,0,0,0,0,0,0,0,0,0,0,0,0,0,0,0,0,0,0,0,0,0,0,0,0,0,0,0,0,0,0,0,0,0,0,0,0,0,0,0,0,0,0,0,0,0,0,0,0,0,0,0,0,0,0,0,0,0,0,0,0,0,0
"Gibberella fujikuroi","SPECIES",97,"EXACT","Fungi","Ascomycota","Sordariomycetes","Hypocreales","Nectriaceae","Gibberella","Gibberella fujikuroi","5","95","320","1290","4152","2563288","5251647",959,"Presence",0,1,0,0,0,0,0,0,0,0,0,0,0,0,0,0,0,0,0,0,0,0,0,0,0,0,0,0,0,0,0,0,0,0,0,0,0,0,0,0,0,0,0,0,0,0,0,0,0,0,0,0,0,0,0,0,0,0,0,0,0,0,0,0,0,0,0,0,0,0,0,0
"Fusarium proliferatum","SPECIES",99,"EXACT","Fungi","Ascomycota","Sordariomycetes","Hypocreales","Nectriaceae","Fusarium","Fusarium proliferatum","5","95","320","1290","4152","2554026","5252126",224,"Presence",0,1,0,1,0,0,0,1,1,0,0,0,0,0,0,0,0,0,0,0,0,0,0,0,0,0,0,0,0,0,0,0,0,0,0,0,0,0,0,0,0,0,0,0,0,0,0,0,0,0,0,0,0,0,0,0,0,0,0,0,0,0,0,0,0,0,0,0,0,0,0,0
"Trichoderma atroviride","SPECIES",97,"EXACT","Fungi","Ascomycota","Sordariomycetes","Hypocreales","Hypocreaceae","Trichoderma","Trichoderma atroviride","5","95","320","1290","8419","7703803","5251334",166,"Presence",0,1,0,0,0,0,0,0,0,0,0,0,0,0,0,0,0,0,0,0,0,0,0,0,0,0,0,0,0,0,0,0,0,0,0,0,0,0,0,0,0,0,0,0,0,0,0,0,0,0,0,0,0,0,0,0,0,0,0,0,0,0,0,0,0,0,0,0,0,0,0,0
"Alpinia zerumbet","SPECIES",99,"EXACT","Plantae","Tracheophyta","Liliopsida","Zingiberales","Zingiberaceae","Alpinia","Alpinia zerumbet","6","7707728","196","627","4687","5301253","5301979",217,"Presence",1,0,0,0,0,0,0,0,0,0,1,0,0,0,0,0,0,0,0,0,0,0,0,0,0,0,0,0,0,0,0,0,0,0,0,0,0,0,0,0,0,0,0,0,0,0,0,0,0,0,0,0,0,0,0,0,0,0,0,0,0,0,0,0,0,0,0,0,0,0,0,0
"Brachypodium distachyon","SPECIES",97,"EXACT","Plantae","Tracheophyta","Liliopsida","Poales","Poaceae","Brachypodium","Brachypodium distachyon","6","7707728","196","1369","3073","2705713","5290143",290,"Presence",0,1,0,0,0,0,0,0,0,0,0,0,0,0,0,0,0,0,0,0,0,0,0,0,0,0,0,0,0,0,0,0,0,0,0,0,0,0,0,0,0,0,0,0,0,0,0,0,0,0,0,0,0,0,0,0,0,0,0,0,0,0,0,0,0,0,0,0,0,0,0,0
"Microdochium bolleyi","SPECIES",99,"EXACT","Fungi","Ascomycota","Sordariomycetes","Amphisphaeriales","Amphisphaeriaceae","Microdochium","Microdochium bolleyi","5","95","320","9705438","4164","2574444","2574455",290,"Presence",0,1,0,0,0,0,0,0,0,0,0,0,0,0,0,0,0,0,0,0,0,0,0,0,0,0,0,0,0,0,0,0,0,0,0,0,0,0,0,0,0,0,0,0,0,0,0,0,0,0,0,0,0,0,0,0,0,0,0,0,0,0,0,0,0,0,0,0,0,0,0,0
"Fusarium culmorum","SPECIES",99,"EXACT","Fungi","Ascomycota","Sordariomycetes","Hypocreales","Nectriaceae","Fusarium","Fusarium culmorum","5","95","320","1290","4152","2554026","5252189",290,"Presence",0,1,0,0,0,0,0,0,0,0,0,0,0,0,0,0,0,0,0,0,0,0,0,0,0,0,0,0,0,0,0,0,0,0,0,0,0,0,0,0,0,0,0,0,0,0,0,0,0,0,0,0,0,0,0,0,0,0,0,0,0,0,0,0,0,0,0,0,0,0,0,0
NA,NA,NA,NA,NA,NA,NA,NA,NA,NA,NA,NA,NA,NA,NA,NA,NA,NA,581,"Presence",0,0,0,0,0,0,0,0,0,0,0,0,0,0,0,0,0,0,0,0,0,0,0,0,0,0,0,0,0,0,0,0,0,0,0,0,0,0,0,0,0,0,0,0,0,0,0,0,0,0,0,0,0,0,0,0,0,0,0,0,0,0,0,0,0,0,0,0,0,0,0,0
"Bletilla striata","SPECIES",99,"EXACT","Plantae","Tracheophyta","Liliopsida","Asparagales","Orchidaceae","Bletilla","Bletilla striata","6","7707728","196","1169","7689","2808764","2808791",588,"Presence",0,0,0,0,0,0,0,0,0,1,0,0,0,0,0,0,0,0,0,0,0,0,0,0,0,0,0,0,0,0,0,0,0,0,0,0,0,0,0,0,0,0,0,0,0,0,0,0,0,0,0,0,0,0,0,0,0,0,0,0,0,0,0,0,0,0,0,0,0,0,0,0
"Ferula assa-foetida","SPECIES",97,"EXACT","Plantae","Tracheophyta","Magnoliopsida","Apiales","Apiaceae","Ferula","Ferula assa-foetida","6","7707728","220","1351","6720","3034682","8113074",575,"Presence",0,1,0,1,0,0,0,1,0,0,0,0,0,0,0,0,0,0,0,0,0,0,0,0,0,0,0,0,0,0,0,0,0,0,0,0,0,0,0,0,0,0,0,0,0,0,0,0,0,0,0,0,0,0,0,0,0,0,0,0,0,0,0,0,0,0,0,0,0,0,0,0
"Alternaria tenuissima","SPECIES",98,"EXACT","Fungi","Ascomycota","Dothideomycetes","Pleosporales","Pleosporaceae","Alternaria","Alternaria tenuissima","5","95","183","1047","8315","7388975","2616214",575,"Presence",0,1,0,1,0,0,0,1,0,0,0,0,0,0,0,0,0,0,0,0,0,0,0,0,0,0,0,0,0,0,0,0,0,0,0,0,0,0,0,0,0,0,0,0,0,0,0,0,0,0,0,0,0,0,0,0,0,0,0,0,0,0,0,0,0,0,0,0,0,0,0,0
"Alternaria tenuissima","SPECIES",92,"FUZZY","Fungi","Ascomycota","Dothideomycetes","Pleosporales","Pleosporaceae","Alternaria","Alternaria tenuissima","5","95","183","1047","8315","7388975","2616214",575,"Presence",0,1,0,1,0,0,0,1,0,0,0,0,0,0,0,0,0,0,0,0,0,0,0,0,0,0,0,0,0,0,0,0,0,0,0,0,0,0,0,0,0,0,0,0,0,0,0,0,0,0,0,0,0,0,0,0,0,0,0,0,0,0,0,0,0,0,0,0,0,0,0,0
"Taxus mairei","SPECIES",97,"EXACT","Plantae","Tracheophyta","Pinopsida","Pinales","Taxaceae","Taxus","Taxus mairei","6","7707728","194","640","4863","2684902","5284562",141,"Presence",0,0,0,0,0,0,0,0,0,0,0,0,0,0,0,0,0,0,0,0,0,0,0,0,0,0,0,0,0,0,0,0,0,0,0,0,0,0,0,0,0,0,0,0,0,0,0,0,0,0,0,0,0,0,0,0,0,0,0,0,0,0,0,0,0,0,0,0,0,0,0,0
"Torreya grandis","SPECIES",98,"EXACT","Plantae","Tracheophyta","Pinopsida","Pinales","Taxaceae","Torreya","Torreya grandis","6","7707728","194","640","4863","2685123","5284483",141,"Presence",0,0,0,0,0,0,0,0,0,0,0,0,0,0,0,0,0,0,0,0,0,0,0,0,0,0,0,0,0,0,0,0,0,0,0,0,0,0,0,0,0,0,0,0,0,0,0,0,0,0,0,0,0,0,0,0,0,0,0,0,0,0,0,0,0,0,0,0,0,0,0,0
"Chrysopogon zizanioides","SPECIES",99,"EXACT","Plantae","Tracheophyta","Liliopsida","Poales","Poaceae","Chrysopogon","Chrysopogon zizanioides","6","7707728","196","1369","3073","2705672","5677150",722,"Presence",0,0,0,0,0,0,0,0,0,0,0,0,0,0,0,0,0,0,0,0,0,0,0,0,0,0,0,0,0,0,0,0,0,0,0,0,0,0,0,0,0,0,0,0,0,0,0,0,0,0,0,0,0,0,0,0,0,0,0,0,0,0,0,0,0,0,0,0,0,0,0,0
"Gigaspora albida","SPECIES",99,"EXACT","Fungi","Glomeromycota","Glomeromycetes","Diversisporales","Gigasporaceae","Gigaspora","Gigaspora albida","5","18","156","533","7622","2560147","2560148",722,"Presence",0,0,0,0,0,0,0,0,0,0,0,0,0,0,0,0,0,0,0,0,0,0,0,0,0,0,0,0,0,0,0,0,0,0,0,0,0,0,0,0,0,0,0,0,0,0,0,0,0,0,0,0,0,0,0,0,0,0,0,0,0,0,0,0,0,0,0,0,0,0,0,0
"Acaulospora morrowiae","SPECIES",99,"EXACT","Fungi","Glomeromycota","Glomeromycetes","Diversisporales","Acaulosporaceae","Acaulospora","Acaulospora morrowiae","5","18","156","533","3301","2560108","2560125",722,"Presence",0,0,0,0,0,0,0,0,0,0,0,0,0,0,0,0,0,0,0,0,0,0,0,0,0,0,0,0,0,0,0,0,0,0,0,0,0,0,0,0,0,0,0,0,0,0,0,0,0,0,0,0,0,0,0,0,0,0,0,0,0,0,0,0,0,0,0,0,0,0,0,0
"Beauveria bassiana","SPECIES",99,"EXACT","Fungi","Ascomycota","Sordariomycetes","Hypocreales","Cordycipitaceae","Beauveria","Beauveria bassiana","5","95","320","1290","8418","2560584","2560612",865,"Presence",0,1,0,0,0,0,0,0,0,0,0,0,0,0,0,0,0,0,0,0,0,0,0,0,0,0,0,0,0,0,0,0,0,0,0,0,0,0,0,0,0,0,0,0,0,0,0,0,0,0,0,0,0,0,0,0,0,0,0,0,0,0,0,0,0,0,0,0,0,0,0,0
NA,NA,NA,NA,NA,NA,NA,NA,NA,NA,NA,NA,NA,NA,NA,NA,NA,NA,859,"Presence",0,0,0,0,0,0,0,0,0,0,0,0,0,0,0,0,0,0,0,0,0,0,0,0,0,0,0,0,0,0,0,0,0,0,0,0,0,0,0,0,0,0,0,0,0,0,0,0,0,0,0,0,0,0,0,0,0,0,0,0,0,0,0,0,0,0,0,0,0,0,0,0
"Pelargonium sidoides","SPECIES",99,"EXACT","Plantae","Tracheophyta","Magnoliopsida","Geraniales","Geraniaceae","Pelargonium","Pelargonium sidoides","6","7707728","220","624","4676","9348640","3827581",294,"Presence",0,0,0,0,0,0,0,0,0,0,0,0,0,0,0,0,0,0,0,0,0,0,0,0,0,0,0,0,0,0,0,0,0,0,0,0,0,0,0,0,0,0,0,0,0,0,0,0,0,0,0,0,0,0,0,0,0,0,0,0,0,0,0,0,0,0,0,0,0,0,0,0
"Pseudodidymocyrtis lobariellae","SPECIES",99,"EXACT","Fungi","Ascomycota","Dothideomycetes","Pleosporales","Didymosphaeriaceae","Pseudodidymocyrtis","Pseudodidymocyrtis lobariellae","5","95","183","1047","4817","11455304","11854761",277,"Presence",0,0,0,0,0,0,0,0,0,0,0,0,0,0,0,0,0,0,0,0,0,0,0,0,0,0,0,0,0,0,0,0,0,0,0,0,0,0,0,0,0,0,0,0,0,0,0,0,0,0,0,0,0,0,0,0,0,0,0,0,0,0,0,0,0,0,0,0,0,0,0,0
"Quercus gambelii","SPECIES",97,"EXACT","Plantae","Tracheophyta","Magnoliopsida","Fagales","Fagaceae","Quercus","Quercus gambelii","6","7707728","220","1354","4689","2877951","2878268",41,"Presence",0,0,0,1,0,0,0,0,0,0,0,0,0,0,0,0,0,0,0,0,0,0,0,0,0,0,0,0,0,0,0,0,0,0,0,0,0,0,0,0,0,0,0,0,0,0,0,0,0,0,0,0,0,0,0,0,0,0,0,0,0,0,0,0,0,0,0,0,0,0,0,0
"Fusarium proliferatum","SPECIES",99,"EXACT","Fungi","Ascomycota","Sordariomycetes","Hypocreales","Nectriaceae","Fusarium","Fusarium proliferatum","5","95","320","1290","4152","2554026","5252126",431,"Presence",0,0,0,0,0,0,0,0,0,0,0,0,0,0,0,0,0,0,0,0,0,0,0,0,0,0,0,0,0,0,0,0,0,0,0,0,0,0,0,0,0,0,0,0,0,0,0,0,0,0,0,0,0,0,0,0,0,0,0,0,0,0,0,0,0,0,0,0,0,0,0,0
"Mikania micrantha","SPECIES",97,"EXACT","Plantae","Tracheophyta","Magnoliopsida","Asterales","Asteraceae","Mikania","Mikania micrantha","6","7707728","220","414","3065","7722389","5398421",431,"Presence",0,0,0,0,0,0,0,0,0,0,0,0,0,0,0,0,0,0,0,0,0,0,0,0,0,0,0,0,0,0,0,0,0,0,0,0,0,0,0,0,0,0,0,0,0,0,0,0,0,0,0,0,0,0,0,0,0,0,0,0,0,0,0,0,0,0,0,0,0,0,0,0
"Aspergillus niger","SPECIES",99,"EXACT","Fungi","Ascomycota","Eurotiomycetes","Eurotiales","Aspergillaceae","Aspergillus","Aspergillus niger","5","95","178","1040","3563703","8884233","3465658",316,"Presence",0,0,0,0,0,0,0,0,0,0,0,0,0,0,0,0,0,0,0,0,0,0,0,0,0,0,0,0,0,0,0,0,0,0,0,0,0,0,0,0,0,0,0,0,0,0,0,0,0,0,0,0,0,0,0,0,0,0,0,0,0,0,0,0,0,0,0,0,0,0,0,0
"Cladosporium cladosporioides","SPECIES",99,"EXACT","Fungi","Ascomycota","Dothideomycetes","Capnodiales","Cladosporiaceae","Cladosporium","Cladosporium cladosporioides","5","95","183","1262","3563987","2518208","2620657",316,"Presence",0,0,0,0,0,0,0,0,0,0,0,0,0,0,0,0,0,0,0,0,0,0,0,0,0,0,0,0,0,0,0,0,0,0,0,0,0,0,0,0,0,0,0,0,0,0,0,0,0,0,0,0,0,0,0,0,0,0,0,0,0,0,0,0,0,0,0,0,0,0,0,0
"Cladosporium cucumerinum","SPECIES",99,"EXACT","Fungi","Ascomycota","Dothideomycetes","Capnodiales","Cladosporiaceae","Cladosporium","Cladosporium cucumerinum","5","95","183","1262","3563987","2518208","2620564",316,"Presence",0,0,0,0,0,0,0,0,0,0,0,0,0,0,0,0,0,0,0,0,0,0,0,0,0,0,0,0,0,0,0,0,0,0,0,0,0,0,0,0,0,0,0,0,0,0,0,0,0,0,0,0,0,0,0,0,0,0,0,0,0,0,0,0,0,0,0,0,0,0,0,0
"Saccharomyces cerevisiae","SPECIES",98,"EXACT","Fungi","Ascomycota","Saccharomycetes","Saccharomycetales","Saccharomycetaceae","Saccharomyces","Saccharomyces cerevisiae","5","95","182","1281","4140","2518181","7440012",316,"Presence",0,0,0,0,0,0,0,0,0,0,0,0,0,0,0,0,0,0,0,0,0,0,0,0,0,0,0,0,0,0,0,0,0,0,0,0,0,0,0,0,0,0,0,0,0,0,0,0,0,0,0,0,0,0,0,0,0,0,0,0,0,0,0,0,0,0,0,0,0,0,0,0
"Melia azedarach","SPECIES",98,"EXACT","Plantae","Tracheophyta","Magnoliopsida","Sapindales","Meliaceae","Melia","Melia azedarach","6","7707728","220","933","2397","3190496","5914287",528,"Presence",0,0,0,0,0,0,0,0,0,0,0,0,0,0,0,0,0,0,0,0,0,0,0,0,0,0,0,0,0,0,0,0,0,0,0,0,0,0,0,0,0,0,0,0,0,0,0,0,0,0,0,0,0,0,0,0,0,0,0,0,0,0,0,0,0,0,0,0,0,0,0,0
"Penicillium commune","SPECIES",99,"EXACT","Fungi","Ascomycota","Eurotiomycetes","Eurotiales","Aspergillaceae","Penicillium","Penicillium commune","5","95","178","1040","3563703","7635114","2597910",606,"Presence",0,0,0,0,0,0,0,0,0,0,0,0,0,0,0,0,0,0,0,0,0,0,0,0,0,0,0,0,0,0,0,0,0,0,0,0,0,0,0,0,0,0,0,0,0,0,0,0,0,0,0,0,0,0,0,0,0,0,0,0,0,0,0,0,0,0,0,0,0,0,0,0
"Neurospora crassa","SPECIES",99,"EXACT","Fungi","Ascomycota","Sordariomycetes","Sordariales","Sordariaceae","Neurospora","Neurospora crassa","5","95","320","1061","4163","2572660","5253986",606,"Presence",0,0,0,0,0,0,0,0,0,0,0,0,0,0,0,0,0,0,0,0,0,0,0,0,0,0,0,0,0,0,0,0,0,0,0,0,0,0,0,0,0,0,0,0,0,0,0,0,0,0,0,0,0,0,0,0,0,0,0,0,0,0,0,0,0,0,0,0,0,0,0,0
"Cinnamomum longepaniculatum","SPECIES",97,"EXACT","Plantae","Tracheophyta","Magnoliopsida","Laurales","Lauraceae","Cinnamomum","Cinnamomum longepaniculatum","6","7707728","220","407","6688","3033980","7362367",606,"Presence",0,0,0,0,0,0,0,0,0,0,0,0,0,0,0,0,0,0,0,0,0,0,0,0,0,0,0,0,0,0,0,0,0,0,0,0,0,0,0,0,0,0,0,0,0,0,0,0,0,0,0,0,0,0,0,0,0,0,0,0,0,0,0,0,0,0,0,0,0,0,0,0
"Fusarium proliferatum","SPECIES",99,"EXACT","Fungi","Ascomycota","Sordariomycetes","Hypocreales","Nectriaceae","Fusarium","Fusarium proliferatum","5","95","320","1290","4152","2554026","5252126",774,"Presence",0,0,0,0,0,0,0,0,0,0,0,0,0,0,0,0,0,0,0,0,0,0,0,0,0,0,0,0,0,0,0,0,0,0,0,0,0,0,0,0,0,0,0,0,0,0,0,0,0,0,0,0,0,0,0,0,0,0,0,0,0,0,0,0,0,0,0,0,0,0,0,0
NA,NA,NA,NA,NA,NA,NA,NA,NA,NA,NA,NA,NA,NA,NA,NA,NA,NA,747,"Presence",0,0,0,1,0,0,0,0,0,0,0,0,0,0,0,0,0,0,0,0,0,0,0,0,0,0,0,0,0,0,0,0,0,0,0,0,0,0,0,0,0,0,0,0,0,0,0,0,0,0,0,0,0,0,0,0,0,0,0,0,0,0,0,0,0,0,0,0,0,0,0,0
"Euphorbia pekinensis","SPECIES",98,"EXACT","Plantae","Tracheophyta","Magnoliopsida","Malpighiales","Euphorbiaceae","Euphorbia","Euphorbia pekinensis","6","7707728","220","1414","4691","11397237","3067750",456,"Presence",0,0,0,0,0,0,0,0,0,0,0,0,0,0,0,0,0,0,0,0,0,0,0,0,0,0,0,0,0,0,0,0,0,0,0,0,0,0,0,0,0,0,0,0,0,0,0,0,0,0,0,0,0,0,0,0,0,0,0,0,0,0,0,0,0,0,0,0,0,0,0,0
"Aspergillus niger","SPECIES",99,"EXACT","Fungi","Ascomycota","Eurotiomycetes","Eurotiales","Aspergillaceae","Aspergillus","Aspergillus niger","5","95","178","1040","3563703","8884233","3465658",598,"Presence",0,0,0,0,0,0,0,0,0,0,0,0,0,0,0,0,0,0,0,0,0,0,0,0,0,0,0,0,0,0,0,0,0,0,0,0,0,0,0,0,0,0,0,0,0,0,0,0,0,0,0,0,0,0,0,0,0,0,0,0,0,0,0,0,0,0,0,0,0,0,0,0
"Palicourea rigida","SPECIES",99,"EXACT","Plantae","Tracheophyta","Magnoliopsida","Gentianales","Rubiaceae","Palicourea","Palicourea rigida","6","7707728","220","412","8798","2898662","2898841",598,"Presence",0,0,0,0,0,0,0,0,0,0,0,0,0,0,0,0,0,0,0,0,0,0,0,0,0,0,0,0,0,0,0,0,0,0,0,0,0,0,0,0,0,0,0,0,0,0,0,0,0,0,0,0,0,0,0,0,0,0,0,0,0,0,0,0,0,0,0,0,0,0,0,0
"Lactuca sativa","SPECIES",99,"EXACT","Plantae","Tracheophyta","Magnoliopsida","Asterales","Asteraceae","Lactuca","Lactuca sativa","6","7707728","220","414","3065","3140231","7403263",598,"Presence",0,0,0,0,0,0,0,0,0,0,0,0,0,0,0,0,0,0,0,0,0,0,0,0,0,0,0,0,0,0,0,0,0,0,0,0,0,0,0,0,0,0,0,0,0,0,0,0,0,0,0,0,0,0,0,0,0,0,0,0,0,0,0,0,0,0,0,0,0,0,0,0
"Inonotus rickii","SPECIES",99,"EXACT","Fungi","Basidiomycota","Agaricomycetes","Hymenochaetales","Hymenochaetaceae","Inonotus","Inonotus rickii","5","34","186","1304","8468","2520982","2521224",598,"Presence",0,0,0,0,0,0,0,0,0,0,0,0,0,0,0,0,0,0,0,0,0,0,0,0,0,0,0,0,0,0,0,0,0,0,0,0,0,0,0,0,0,0,0,0,0,0,0,0,0,0,0,0,0,0,0,0,0,0,0,0,0,0,0,0,0,0,0,0,0,0,0,0
"Pestalotiopsis mangiferae","SPECIES",99,"EXACT","Fungi","Ascomycota","Sordariomycetes","Amphisphaeriales","Pestalotiopsidaceae","Pestalotiopsis","Pestalotiopsis mangiferae","5","95","320","9705438","9649543","2574855","2574964",598,"Presence",0,0,0,0,0,0,0,0,0,0,0,0,0,0,0,0,0,0,0,0,0,0,0,0,0,0,0,0,0,0,0,0,0,0,0,0,0,0,0,0,0,0,0,0,0,0,0,0,0,0,0,0,0,0,0,0,0,0,0,0,0,0,0,0,0,0,0,0,0,0,0,0
"Coniophora puteana","SPECIES",99,"EXACT","Fungi","Basidiomycota","Agaricomycetes","Boletales","Coniophoraceae","Coniophora","Coniophora puteana","5","34","186","1063","8449","2520081","5240101",598,"Presence",0,0,0,0,0,0,0,0,0,0,0,0,0,0,0,0,0,0,0,0,0,0,0,0,0,0,0,0,0,0,0,0,0,0,0,0,0,0,0,0,0,0,0,0,0,0,0,0,0,0,0,0,0,0,0,0,0,0,0,0,0,0,0,0,0,0,0,0,0,0,0,0
"Ginkgo biloba","SPECIES",99,"EXACT","Plantae","Tracheophyta","Ginkgoopsida","Ginkgoales","Ginkgoaceae","Ginkgo","Ginkgo biloba","6","7707728","244","418","3070","2687884","2687885",854,"Presence",0,1,0,0,0,0,0,0,0,0,1,0,0,0,0,0,0,0,0,0,0,0,0,0,0,0,0,0,0,0,0,0,0,0,0,0,0,0,0,0,0,1,0,0,0,0,0,0,0,0,0,0,0,0,0,0,0,0,0,0,0,0,0,0,0,0,0,0,0,0,0,0
"Raphanus sativus","SPECIES",99,"EXACT","Plantae","Tracheophyta","Magnoliopsida","Brassicales","Brassicaceae","Raphanus","Raphanus sativus","6","7707728","220","7225535","3112","3040962","7678610",854,"Presence",0,1,0,0,0,0,0,0,0,0,1,0,0,0,0,0,0,0,0,0,0,0,0,0,0,0,0,0,0,0,0,0,0,0,0,0,0,0,0,0,0,1,0,0,0,0,0,0,0,0,0,0,0,0,0,0,0,0,0,0,0,0,0,0,0,0,0,0,0,0,0,0
"Brassica napus","SPECIES",99,"EXACT","Plantae","Tracheophyta","Magnoliopsida","Brassicales","Brassicaceae","Brassica","Brassica napus","6","7707728","220","7225535","3112","3042506","3042636",854,"Presence",0,1,0,0,0,0,0,0,0,0,1,0,0,0,0,0,0,0,0,0,0,0,0,0,0,0,0,0,0,0,0,0,0,0,0,0,0,0,0,0,0,1,0,0,0,0,0,0,0,0,0,0,0,0,0,0,0,0,0,0,0,0,0,0,0,0,0,0,0,0,0,0
"Atractylodes lancea","SPECIES",99,"EXACT","Plantae","Tracheophyta","Magnoliopsida","Asterales","Asteraceae","Atractylodes","Atractylodes lancea","6","7707728","220","414","3065","3122426","3122433",39,"Presence",0,0,0,0,0,0,0,0,0,0,0,0,0,0,0,0,0,0,0,0,0,0,0,0,0,0,0,0,0,0,0,0,0,0,0,0,0,0,0,0,0,0,0,0,0,0,0,0,0,0,0,0,0,0,0,0,0,0,0,0,0,0,0,0,0,0,0,0,0,0,0,0
"Tinospora cordifolia","SPECIES",97,"EXACT","Plantae","Tracheophyta","Magnoliopsida","Ranunculales","Menispermaceae","Tinospora","Tinospora cordifolia","6","7707728","220","399","2411","7268723","7520328",159,"Presence",0,0,0,1,0,0,0,1,0,0,0,0,0,0,0,0,0,0,0,0,0,0,0,0,0,0,0,0,0,0,0,0,0,0,0,0,0,0,0,0,0,0,0,0,0,0,0,0,0,0,0,0,0,0,0,0,0,0,0,0,0,0,0,0,0,0,0,0,0,0,0,0
"Azadirachta indica","SPECIES",99,"EXACT","Plantae","Tracheophyta","Magnoliopsida","Sapindales","Meliaceae","Azadirachta","Azadirachta indica","6","7707728","220","933","2397","3190473","3190474",159,"Presence",0,0,0,1,0,0,0,1,0,0,0,0,0,0,0,0,0,0,0,0,0,0,0,0,0,0,0,0,0,0,0,0,0,0,0,0,0,0,0,0,0,0,0,0,0,0,0,0,0,0,0,0,0,0,0,0,0,0,0,0,0,0,0,0,0,0,0,0,0,0,0,0
"Pinus sylvestris","SPECIES",98,"EXACT","Plantae","Tracheophyta","Pinopsida","Pinales","Pinaceae","Pinus","Pinus sylvestris","6","7707728","194","640","3925","2684241","5285637",752,"Presence",0,0,0,0,0,0,0,0,0,0,0,0,0,0,0,0,0,0,0,0,0,0,0,0,0,0,0,0,0,0,0,0,0,0,0,0,0,0,0,0,0,0,0,0,0,0,0,0,0,0,0,0,0,0,0,0,0,0,0,0,0,0,0,0,0,0,0,0,0,0,0,0
"Acephala applanata","SPECIES",99,"EXACT","Fungi","Ascomycota","Leotiomycetes","Helotiales","Vibrisseaceae","Acephala","Acephala applanata","5","95","179","1052","8386","2581337","2581338",752,"Presence",0,0,0,0,0,0,0,0,0,0,0,0,0,0,0,0,0,0,0,0,0,0,0,0,0,0,0,0,0,0,0,0,0,0,0,0,0,0,0,0,0,0,0,0,0,0,0,0,0,0,0,0,0,0,0,0,0,0,0,0,0,0,0,0,0,0,0,0,0,0,0,0
"Phialocephala fortinii","SPECIES",99,"EXACT","Fungi","Ascomycota","Leotiomycetes","Helotiales","Mollisiaceae","Phialocephala","Phialocephala fortinii","5","95","179","1052","3297719","9539536","3484868",752,"Presence",0,0,0,0,0,0,0,0,0,0,0,0,0,0,0,0,0,0,0,0,0,0,0,0,0,0,0,0,0,0,0,0,0,0,0,0,0,0,0,0,0,0,0,0,0,0,0,0,0,0,0,0,0,0,0,0,0,0,0,0,0,0,0,0,0,0,0,0,0,0,0,0
"Humicolopsis cephalosporioides","SPECIES",99,"EXACT","Fungi","Ascomycota","Leotiomycetes","Helotiales",NA,"Humicolopsis","Humicolopsis cephalosporioides","5","95","179","1052",NA,"7486850","5257963",752,"Presence",0,0,0,0,0,0,0,0,0,0,0,0,0,0,0,0,0,0,0,0,0,0,0,0,0,0,0,0,0,0,0,0,0,0,0,0,0,0,0,0,0,0,0,0,0,0,0,0,0,0,0,0,0,0,0,0,0,0,0,0,0,0,0,0,0,0,0,0,0,0,0,0
"Coniochaeta mutabilis","SPECIES",99,"EXACT","Fungi","Ascomycota","Sordariomycetes","Coniochaetales","Coniochaetaceae","Coniochaeta","Coniochaeta mutabilis","5","95","320","1285","4144","2569547","8206918",752,"Presence",0,0,0,0,0,0,0,0,0,0,0,0,0,0,0,0,0,0,0,0,0,0,0,0,0,0,0,0,0,0,0,0,0,0,0,0,0,0,0,0,0,0,0,0,0,0,0,0,0,0,0,0,0,0,0,0,0,0,0,0,0,0,0,0,0,0,0,0,0,0,0,0
"Taxus chinensis","SPECIES",97,"EXACT","Plantae","Tracheophyta","Pinopsida","Pinales","Taxaceae","Taxus","Taxus chinensis","6","7707728","194","640","4863","2684902","8641859",209,"Presence",0,0,0,0,0,0,0,0,0,0,0,0,0,0,0,0,0,0,0,0,0,0,0,0,0,0,0,0,0,0,0,0,0,0,0,0,0,0,0,0,0,0,0,0,0,0,0,0,0,0,0,0,0,0,0,0,0,0,0,0,0,0,0,0,0,0,0,0,0,0,0,0
NA,NA,NA,NA,NA,NA,NA,NA,NA,NA,NA,NA,NA,NA,NA,NA,NA,NA,993,"Presence",0,0,0,0,0,0,0,0,0,0,0,0,0,0,0,0,0,0,0,0,0,0,0,0,0,0,0,0,0,0,0,0,0,0,0,0,0,0,0,0,0,0,0,0,0,0,0,0,0,0,0,0,0,0,0,0,0,0,0,0,0,0,0,0,0,0,0,0,0,0,0,0
"Metarhizium anisopliae","SPECIES",99,"EXACT","Fungi","Ascomycota","Sordariomycetes","Hypocreales","Clavicipitaceae","Metarhizium","Metarhizium anisopliae","5","95","320","1290","8417","2562464","2562645",999,"Presence",0,0,0,0,0,0,0,0,0,0,0,0,0,0,0,0,0,0,0,0,0,0,0,0,0,0,0,0,0,0,0,0,0,0,0,0,0,0,0,0,0,0,0,0,0,0,0,0,0,0,0,0,0,0,0,0,0,0,0,0,0,0,0,0,0,0,0,0,0,0,0,0
"Alternanthera bettzickiana","SPECIES",97,"EXACT","Plantae","Tracheophyta","Magnoliopsida","Caryophyllales","Amaranthaceae","Alternanthera","Alternanthera bettzickiana","6","7707728","220","422","3064","3084921","8189919",516,"Presence",0,0,0,0,0,0,0,0,0,0,0,0,0,0,0,0,0,0,0,0,0,0,0,0,0,0,0,0,0,0,0,0,0,0,0,0,0,0,0,0,0,0,0,0,0,0,0,0,0,0,0,0,0,0,0,0,0,0,0,0,0,0,0,0,0,0,0,0,0,0,0,0
"Huperzia serrata","SPECIES",97,"EXACT","Plantae","Tracheophyta","Lycopodiopsida","Lycopodiales","Lycopodiaceae","Huperzia","Huperzia serrata","6","7707728","245","421","6725","2688450","2688470",69,"Presence",0,0,0,1,0,0,0,0,0,0,0,0,0,0,0,0,0,0,0,0,0,0,0,0,0,0,0,0,0,0,0,0,0,0,0,0,0,0,0,0,0,0,0,0,0,0,0,0,0,0,0,0,0,0,0,0,0,0,0,0,0,0,0,0,0,0,0,0,0,0,0,0
"Rhizophora apiculata","SPECIES",99,"EXACT","Plantae","Tracheophyta","Magnoliopsida","Malpighiales","Rhizophoraceae","Rhizophora","Rhizophora apiculata","6","7707728","220","1414","6671","3086525","3086526",895,"Presence",0,0,0,0,0,0,0,0,0,0,0,0,0,0,0,0,0,0,0,0,0,0,0,0,0,0,0,0,0,0,0,0,0,0,0,0,0,0,0,0,0,0,0,0,0,0,0,0,0,0,0,0,0,0,0,0,0,0,0,0,0,0,0,0,0,0,0,0,0,0,0,0
NA,NA,NA,NA,NA,NA,NA,NA,NA,NA,NA,NA,NA,NA,NA,NA,NA,NA,755,"Presence",0,0,0,0,0,0,0,0,0,0,0,0,0,0,0,0,0,0,0,0,0,0,0,0,0,0,0,0,0,0,0,0,0,0,0,0,0,0,0,0,0,0,0,0,0,0,0,0,0,0,0,0,0,0,0,0,0,0,0,0,0,0,0,0,0,0,0,0,0,0,0,0
"Albifimbria viridis","SPECIES",99,"EXACT","Fungi","Ascomycota","Sordariomycetes","Hypocreales","Stachybotryaceae","Albifimbria","Albifimbria viridis","5","95","320","1290","7733260","9803212","9783094",409,"Presence",0,0,0,0,0,0,0,0,0,0,0,0,0,0,0,0,0,0,0,0,0,0,0,0,0,0,0,0,0,0,0,0,0,0,0,0,0,0,0,0,0,0,0,0,0,0,0,0,0,0,0,0,0,0,0,0,0,0,0,0,0,0,0,0,0,0,0,0,0,0,0,0
"Acacia mangium","SPECIES",99,"EXACT","Plantae","Tracheophyta","Magnoliopsida","Fabales","Fabaceae","Acacia","Acacia mangium","6","7707728","220","1370","5386","2978223","2979091",308,"Presence",1,1,0,1,0,0,0,1,1,0,0,0,0,0,0,0,0,0,0,0,0,0,0,0,0,0,0,0,0,0,0,0,0,0,0,0,0,0,0,0,0,0,0,0,0,0,0,0,0,0,0,0,0,1,0,0,0,0,0,0,0,0,0,0,0,0,0,0,0,0,0,0
"Ceratocystis fimbriata","SPECIES",97,"EXACT","Fungi","Ascomycota","Sordariomycetes","Microascales","Ceratocystidaceae","Ceratocystis","Ceratocystis fimbriata","5","95","320","1059","4156","9512045","5252354",308,"Presence",1,1,0,1,0,0,0,1,1,0,0,0,0,0,0,0,0,0,0,0,0,0,0,0,0,0,0,0,0,0,0,0,0,0,0,0,0,0,0,0,0,0,0,0,0,0,0,0,0,0,0,0,0,1,0,0,0,0,0,0,0,0,0,0,0,0,0,0,0,0,0,0
"Trichoderma koningiopsis","SPECIES",99,"EXACT","Fungi","Ascomycota","Sordariomycetes","Hypocreales","Hypocreaceae","Trichoderma","Trichoderma koningiopsis","5","95","320","1290","8419","7703803","5483308",308,"Presence",1,1,0,1,0,0,0,1,1,0,0,0,0,0,0,0,0,0,0,0,0,0,0,0,0,0,0,0,0,0,0,0,0,0,0,0,0,0,0,0,0,0,0,0,0,0,0,0,0,0,0,0,0,1,0,0,0,0,0,0,0,0,0,0,0,0,0,0,0,0,0,0
"Nigrospora oryzae","SPECIES",99,"EXACT","Fungi","Ascomycota","Sordariomycetes","Trichosphaeriales","Trichosphaeriaceae","Nigrospora","Nigrospora oryzae","5","95","320","1297","8435","8324240","2569650",308,"Presence",1,1,0,1,0,0,0,1,1,0,0,0,0,0,0,0,0,0,0,0,0,0,0,0,0,0,0,0,0,0,0,0,0,0,0,0,0,0,0,0,0,0,0,0,0,0,0,0,0,0,0,0,0,1,0,0,0,0,0,0,0,0,0,0,0,0,0,0,0,0,0,0
NA,NA,NA,NA,NA,NA,NA,NA,NA,NA,NA,NA,NA,NA,NA,NA,NA,NA,278,"Presence",0,0,0,0,0,0,0,0,0,0,0,0,0,0,0,0,0,0,0,0,0,0,0,0,0,0,0,0,0,0,0,0,0,0,0,0,0,0,0,0,0,0,0,0,0,0,0,0,0,0,0,0,0,0,0,0,0,0,0,0,0,0,0,0,0,0,0,0,0,0,0,0
"Catharanthus roseus","SPECIES",99,"EXACT","Plantae","Tracheophyta","Magnoliopsida","Gentianales","Apocynaceae","Catharanthus","Catharanthus roseus","6","7707728","220","412","6701","3169829","3169830",537,"Presence",0,0,0,1,0,0,1,1,0,0,0,0,0,0,0,0,0,0,0,0,0,0,0,0,0,0,0,0,0,0,0,0,0,0,0,0,0,0,0,0,0,0,0,0,0,0,0,0,0,0,0,0,0,0,0,0,0,0,0,0,0,0,0,0,0,0,0,0,0,0,0,0
"Cephalotaxus hainanensis","SPECIES",99,"EXACT","Plantae","Tracheophyta","Pinopsida","Pinales","Cephalotaxaceae","Cephalotaxus","Cephalotaxus hainanensis","6","7707728","194","640","8143","2685260","2685278",424,"Presence",0,0,0,0,0,0,1,0,0,0,0,0,0,0,0,0,0,0,0,0,0,0,0,0,0,0,0,0,0,0,0,0,0,0,0,0,0,0,0,0,0,0,0,0,0,0,0,0,0,0,0,0,0,0,0,0,0,0,0,0,0,0,0,0,0,0,0,0,0,0,0,0
"Fusarium solani","SPECIES",97,"EXACT","Fungi","Ascomycota","Sordariomycetes","Hypocreales","Nectriaceae","Fusarium","Fusarium solani","5","95","320","1290","4152","2554026","9581851",880,"Presence",0,0,0,0,0,0,0,0,0,0,0,0,0,0,0,0,0,0,0,0,0,0,0,0,0,0,0,0,0,0,0,0,0,0,0,0,0,0,0,0,0,0,0,0,0,0,0,0,0,0,0,0,0,0,0,0,0,0,0,0,0,0,0,0,0,0,0,0,0,0,0,0
"Rhizoctonia solani","SPECIES",99,"EXACT","Fungi","Basidiomycota","Agaricomycetes","Cantharellales","Ceratobasidiaceae","Rhizoctonia","Rhizoctonia solani","5","34","186","1300","8458","8612683","2555201",880,"Presence",0,0,0,0,0,0,0,0,0,0,0,0,0,0,0,0,0,0,0,0,0,0,0,0,0,0,0,0,0,0,0,0,0,0,0,0,0,0,0,0,0,0,0,0,0,0,0,0,0,0,0,0,0,0,0,0,0,0,0,0,0,0,0,0,0,0,0,0,0,0,0,0
"Fusarium oxysporum","SPECIES",99,"EXACT","Fungi","Ascomycota","Sordariomycetes","Hypocreales","Nectriaceae","Fusarium","Fusarium oxysporum","5","95","320","1290","4152","2554026","5251961",880,"Presence",0,0,0,0,0,0,0,0,0,0,0,0,0,0,0,0,0,0,0,0,0,0,0,0,0,0,0,0,0,0,0,0,0,0,0,0,0,0,0,0,0,0,0,0,0,0,0,0,0,0,0,0,0,0,0,0,0,0,0,0,0,0,0,0,0,0,0,0,0,0,0,0
"Alternaria panax","SPECIES",99,"EXACT","Fungi","Ascomycota","Dothideomycetes","Pleosporales","Pleosporaceae","Alternaria","Alternaria panax","5","95","183","1047","8315","7388975","2616200",880,"Presence",0,0,0,0,0,0,0,0,0,0,0,0,0,0,0,0,0,0,0,0,0,0,0,0,0,0,0,0,0,0,0,0,0,0,0,0,0,0,0,0,0,0,0,0,0,0,0,0,0,0,0,0,0,0,0,0,0,0,0,0,0,0,0,0,0,0,0,0,0,0,0,0
"Botrytis cinerea","SPECIES",98,"EXACT","Fungi","Ascomycota","Leotiomycetes","Helotiales","Sclerotiniaceae","Botrytis","Botrytis cinerea","5","95","179","1052","8385","11189196","2583139",880,"Presence",0,0,0,0,0,0,0,0,0,0,0,0,0,0,0,0,0,0,0,0,0,0,0,0,0,0,0,0,0,0,0,0,0,0,0,0,0,0,0,0,0,0,0,0,0,0,0,0,0,0,0,0,0,0,0,0,0,0,0,0,0,0,0,0,0,0,0,0,0,0,0,0
"Colletotrichum pisi","SPECIES",99,"EXACT","Fungi","Ascomycota","Sordariomycetes","Glomerellales","Glomerellaceae","Colletotrichum","Colletotrichum pisi","5","95","320","9705517","2461","2563219","2568957",880,"Presence",0,0,0,0,0,0,0,0,0,0,0,0,0,0,0,0,0,0,0,0,0,0,0,0,0,0,0,0,0,0,0,0,0,0,0,0,0,0,0,0,0,0,0,0,0,0,0,0,0,0,0,0,0,0,0,0,0,0,0,0,0,0,0,0,0,0,0,0,0,0,0,0
"Candida albicans","SPECIES",99,"EXACT","Fungi","Ascomycota","Saccharomycetes","Saccharomycetales","Debaryomycetaceae","Candida","Candida albicans","5","95","182","1281","5893341","2518121","2599597",286,"Presence",0,0,0,0,0,0,0,0,0,0,0,0,0,0,0,0,0,0,0,0,0,0,0,0,0,0,0,0,0,0,0,0,0,0,0,0,0,0,0,0,0,0,0,0,0,0,0,0,0,0,0,0,0,0,0,0,0,0,0,0,0,0,0,0,0,0,0,0,0,0,0,0
"Sesbania grandiflora","SPECIES",97,"EXACT","Plantae","Tracheophyta","Magnoliopsida","Fabales","Fabaceae","Sesbania","Sesbania grandiflora","6","7707728","220","1370","5386","7854649","8281950",286,"Presence",0,0,0,0,0,0,0,0,0,0,0,0,0,0,0,0,0,0,0,0,0,0,0,0,0,0,0,0,0,0,0,0,0,0,0,0,0,0,0,0,0,0,0,0,0,0,0,0,0,0,0,0,0,0,0,0,0,0,0,0,0,0,0,0,0,0,0,0,0,0,0,0
"Cryptococcus neoformans","SPECIES",99,"EXACT","Fungi","Basidiomycota","Tremellomycetes","Tremellales","Cryptococcaceae","Cryptococcus","Cryptococcus neoformans","5","34","149","1123","3558064","2518146","5237368",286,"Presence",0,0,0,0,0,0,0,0,0,0,0,0,0,0,0,0,0,0,0,0,0,0,0,0,0,0,0,0,0,0,0,0,0,0,0,0,0,0,0,0,0,0,0,0,0,0,0,0,0,0,0,0,0,0,0,0,0,0,0,0,0,0,0,0,0,0,0,0,0,0,0,0
NA,NA,NA,NA,NA,NA,NA,NA,NA,NA,NA,NA,NA,NA,NA,NA,NA,NA,671,"Presence",0,0,0,1,0,1,0,0,0,0,0,0,0,0,0,0,0,0,0,0,0,0,0,0,0,0,0,0,0,0,0,0,0,0,0,0,0,0,0,0,0,0,0,0,0,0,0,0,0,0,0,0,0,0,0,0,0,0,0,0,0,0,0,0,0,0,0,0,0,0,0,0
"Zanthoxylum oxyphyllum","SPECIES",99,"EXACT","Plantae","Tracheophyta","Magnoliopsida","Sapindales","Rutaceae","Zanthoxylum","Zanthoxylum oxyphyllum","6","7707728","220","933","2396","3190076","3835722",121,"Presence",0,0,0,1,0,0,0,0,0,0,0,0,0,0,0,0,0,0,0,0,0,0,0,0,0,0,0,0,0,0,0,0,0,0,0,0,0,0,0,0,0,0,0,0,0,0,0,0,0,0,0,0,0,0,0,0,0,0,0,0,0,0,0,0,0,0,0,0,0,0,0,0
